ISO-10303-21;
HEADER;
FILE_DESCRIPTION (( 'STEP AP214' ),
    '1' );
FILE_NAME ('0022272021.STEP',
    '2025-04-28T20:29:47',
    ( '' ),
    ( '' ),
    'SwSTEP 2.0',
    'SolidWorks 2021',
    '' );
FILE_SCHEMA (( 'AUTOMOTIVE_DESIGN' ));
ENDSEC;

DATA;
#1 = DIRECTION ( 'NONE',  ( 1.000000000000000000, 0.000000000000000000, -0.000000000000000000 ) ) ;
#2 = EDGE_CURVE ( 'NONE', #1832, #1632, #1850, .T. ) ;
#3 = ORIENTED_EDGE ( 'NONE', *, *, #1617, .F. ) ;
#4 = CARTESIAN_POINT ( 'NONE',  ( -2.109999999999999876, 0.6400000000000000133, -2.879999999999999893 ) ) ;
#5 = ORIENTED_EDGE ( 'NONE', *, *, #795, .F. ) ;
#6 = AXIS2_PLACEMENT_3D ( 'NONE', #315, #1227, #661 ) ;
#7 = ORIENTED_EDGE ( 'NONE', *, *, #397, .T. ) ;
#8 = CARTESIAN_POINT ( 'NONE',  ( 1.590000000000000080, 3.160000000000000142, 0.02000000000000005246 ) ) ;
#9 = LINE ( 'NONE', #1056, #1036 ) ;
#10 = DIRECTION ( 'NONE',  ( 0.000000000000000000, 0.000000000000000000, 1.000000000000000000 ) ) ;
#11 = EDGE_LOOP ( 'NONE', ( #770, #902, #283, #1858 ) ) ;
#12 = PLANE ( 'NONE',  #1159 ) ;
#13 = ORIENTED_EDGE ( 'NONE', *, *, #965, .F. ) ;
#14 = VERTEX_POINT ( 'NONE', #1253 ) ;
#15 = EDGE_CURVE ( 'NONE', #1012, #59, #640, .T. ) ;
#16 = VECTOR ( 'NONE', #382, 1000.000000000000000 ) ;
#17 = DIRECTION ( 'NONE',  ( -0.000000000000000000, -0.000000000000000000, 1.000000000000000000 ) ) ;
#18 = VECTOR ( 'NONE', #191, 1000.000000000000000 ) ;
#19 = PLANE ( 'NONE',  #588 ) ;
#20 = CARTESIAN_POINT ( 'NONE',  ( -1.590000000000000080, 1.580000000000000071, -0.3199999999999999512 ) ) ;
#21 = CARTESIAN_POINT ( 'NONE',  ( -2.540000000000000036, 3.160000000000000142, 0.02000000000000005246 ) ) ;
#22 = CARTESIAN_POINT ( 'NONE',  ( 0.9499999999999999556, 10.16000000000000014, -0.3199999999999999512 ) ) ;
#23 = VERTEX_POINT ( 'NONE', #1107 ) ;
#24 = ORIENTED_EDGE ( 'NONE', *, *, #1475, .F. ) ;
#25 = DIRECTION ( 'NONE',  ( 0.000000000000000000, 0.000000000000000000, -1.000000000000000000 ) ) ;
#26 = EDGE_CURVE ( 'NONE', #410, #1640, #518, .T. ) ;
#27 = CARTESIAN_POINT ( 'NONE',  ( -2.540000000000000036, 0.000000000000000000, 2.919999999999999929 ) ) ;
#28 = DIRECTION ( 'NONE',  ( 1.000000000000000000, 0.000000000000000000, 0.000000000000000000 ) ) ;
#29 = DIRECTION ( 'NONE',  ( 0.000000000000000000, 0.3713906763540870126, -0.9284766908852659650 ) ) ;
#30 = DIRECTION ( 'NONE',  ( 0.000000000000000000, -0.000000000000000000, -1.000000000000000000 ) ) ;
#31 = VERTEX_POINT ( 'NONE', #803 ) ;
#32 = ORIENTED_EDGE ( 'NONE', *, *, #1646, .F. ) ;
#33 = PRESENTATION_LAYER_ASSIGNMENT (  '', '', ( #124 ) ) ;
#34 = CARTESIAN_POINT ( 'NONE',  ( -2.540000000000000036, 0.000000000000000000, 2.919999999999999929 ) ) ;
#35 = ADVANCED_FACE ( 'NONE', ( #973 ), #1110, .F. ) ;
#36 = DIRECTION ( 'NONE',  ( -1.000000000000000000, -0.000000000000000000, -0.000000000000000000 ) ) ;
#37 = CARTESIAN_POINT ( 'NONE',  ( 2.540000000000000036, 0.000000000000000000, -2.879999999999999893 ) ) ;
#38 = EDGE_CURVE ( 'NONE', #1388, #827, #1565, .T. ) ;
#39 = LINE ( 'NONE', #791, #1846 ) ;
#40 = VERTEX_POINT ( 'NONE', #1729 ) ;
#41 = ORIENTED_EDGE ( 'NONE', *, *, #308, .T. ) ;
#42 = CARTESIAN_POINT ( 'NONE',  ( -1.589999999999998970, 10.16000000000000014, -0.3199999999999977307 ) ) ;
#43 = AXIS2_PLACEMENT_3D ( 'NONE', #818, #29, #482 ) ;
#44 = PLANE ( 'NONE',  #960 ) ;
#45 = AXIS2_PLACEMENT_3D ( 'NONE', #1029, #1050, #601 ) ;
#46 = CARTESIAN_POINT ( 'NONE',  ( -1.590000000000000080, 0.6400000000000000133, 0.02000000000000005246 ) ) ;
#47 = VECTOR ( 'NONE', #162, 1000.000000000000114 ) ;
#48 = EDGE_CURVE ( 'NONE', #201, #1919, #1554, .T. ) ;
#49 = DIRECTION ( 'NONE',  ( 0.000000000000000000, -0.3713906763540870126, 0.9284766908852659650 ) ) ;
#50 = EDGE_CURVE ( 'NONE', #125, #334, #1102, .T. ) ;
#51 = VERTEX_POINT ( 'NONE', #822 ) ;
#52 = EDGE_LOOP ( 'NONE', ( #1811, #1061, #1360, #527 ) ) ;
#53 = LINE ( 'NONE', #1721, #809 ) ;
#54 = CARTESIAN_POINT ( 'NONE',  ( 0.3049999999999999933, 3.160000000000000142, 0.7500000000000000000 ) ) ;
#55 = ORIENTED_EDGE ( 'NONE', *, *, #411, .F. ) ;
#56 = CARTESIAN_POINT ( 'NONE',  ( 0.9500000000000011768, 0.6399999999999999023, -0.3199999999999977307 ) ) ;
#57 = CARTESIAN_POINT ( 'NONE',  ( -2.540000000000000036, 0.000000000000000000, 2.919999999999999929 ) ) ;
#58 = EDGE_CURVE ( 'NONE', #1166, #1740, #677, .T. ) ;
#59 = VERTEX_POINT ( 'NONE', #669 ) ;
#60 = CARTESIAN_POINT ( 'NONE',  ( 0.9970223243003001334, 11.69999999999999929, -1.879999999999999893 ) ) ;
#61 = LINE ( 'NONE', #202, #268 ) ;
#62 = PLANE ( 'NONE',  #672 ) ;
#63 = CARTESIAN_POINT ( 'NONE',  ( 1.589999999999999858, 0.6399999999999999023, -0.3199999999999977307 ) ) ;
#64 = VECTOR ( 'NONE', #1855, 1000.000000000000000 ) ;
#65 = DIRECTION ( 'NONE',  ( 0.3481553119113798833, -0.8703882797784953107, 0.3481553119113959816 ) ) ;
#66 = ORIENTED_EDGE ( 'NONE', *, *, #998, .T. ) ;
#67 = EDGE_CURVE ( 'NONE', #701, #112, #529, .T. ) ;
#68 = CARTESIAN_POINT ( 'NONE',  ( 1.269999999999999796, 3.160000000000000142, -1.280000000000000027 ) ) ;
#69 = LINE ( 'NONE', #1546, #1778 ) ;
#70 = DIRECTION ( 'NONE',  ( 0.3481553119113776629, 0.8703882797784899816, -0.3481553119114118022 ) ) ;
#71 = ORIENTED_EDGE ( 'NONE', *, *, #197, .F. ) ;
#72 = EDGE_CURVE ( 'NONE', #1299, #878, #53, .T. ) ;
#73 = CARTESIAN_POINT ( 'NONE',  ( -1.590000000000000080, -3.060000000000000053, 0.02000000000000005246 ) ) ;
#74 = FILL_AREA_STYLE ('',( #1766 ) ) ;
#75 = VECTOR ( 'NONE', #1760, 1000.000000000000000 ) ;
#76 = CARTESIAN_POINT ( 'NONE',  ( 1.270000000000000018, 10.94999999999999929, 0.02000000000000005246 ) ) ;
#77 = VECTOR ( 'NONE', #1241, 1000.000000000000000 ) ;
#78 = VERTEX_POINT ( 'NONE', #1399 ) ;
#79 = LINE ( 'NONE', #729, #649 ) ;
#80 = CARTESIAN_POINT ( 'NONE',  ( 1.269999999999999796, 0.000000000000000000, -2.879999999999999893 ) ) ;
#81 = CARTESIAN_POINT ( 'NONE',  ( -2.540000000000000036, 0.000000000000000000, 2.919999999999999929 ) ) ;
#82 = ORIENTED_EDGE ( 'NONE', *, *, #1548, .T. ) ;
#83 = EDGE_CURVE ( 'NONE', #792, #1020, #1418, .T. ) ;
#84 = CARTESIAN_POINT ( 'NONE',  ( 0.4300000000000000488, 0.6400000000000000133, 2.919999999999999929 ) ) ;
#85 = SURFACE_STYLE_FILL_AREA ( #74 ) ;
#86 = DIRECTION ( 'NONE',  ( 0.000000000000000000, 0.000000000000000000, -1.000000000000000000 ) ) ;
#87 = ORIENTED_EDGE ( 'NONE', *, *, #459, .T. ) ;
#88 = DIRECTION ( 'NONE',  ( -1.000000000000000000, 0.000000000000000000, -0.000000000000000000 ) ) ;
#89 = ORIENTED_EDGE ( 'NONE', *, *, #26, .T. ) ;
#90 = DIRECTION ( 'NONE',  ( 0.3713906763540870126, -0.9284766908852659650, 0.000000000000000000 ) ) ;
#91 = ORIENTED_EDGE ( 'NONE', *, *, #354, .T. ) ;
#92 = DIRECTION ( 'NONE',  ( 1.000000000000000000, 0.000000000000000000, -0.000000000000000000 ) ) ;
#93 = EDGE_CURVE ( 'NONE', #1359, #201, #61, .T. ) ;
#94 = LINE ( 'NONE', #1134, #304 ) ;
#95 = VECTOR ( 'NONE', #949, 1000.000000000000000 ) ;
#96 = ADVANCED_FACE ( 'NONE', ( #840 ), #1711, .F. ) ;
#97 = EDGE_LOOP ( 'NONE', ( #549, #1040, #13, #245 ) ) ;
#98 = LINE ( 'NONE', #398, #1156 ) ;
#99 = VERTEX_POINT ( 'NONE', #1427 ) ;
#100 = LINE ( 'NONE', #1437, #1024 ) ;
#101 = ORIENTED_EDGE ( 'NONE', *, *, #1026, .F. ) ;
#102 = DIRECTION ( 'NONE',  ( 1.000000000000000000, 0.000000000000000000, -0.000000000000000000 ) ) ;
#103 = DIRECTION ( 'NONE',  ( 1.000000000000000000, 0.000000000000000000, 0.000000000000000000 ) ) ;
#104 = FACE_OUTER_BOUND ( 'NONE', #324, .T. ) ;
#105 = MECHANICAL_DESIGN_GEOMETRIC_PRESENTATION_REPRESENTATION (  '', ( #1812 ), #270 ) ;
#106 = ADVANCED_FACE ( 'NONE', ( #1273 ), #1868, .T. ) ;
#107 = VECTOR ( 'NONE', #898, 1000.000000000000000 ) ;
#108 = EDGE_CURVE ( 'NONE', #878, #305, #69, .T. ) ;
#109 = VECTOR ( 'NONE', #1450, 1000.000000000000000 ) ;
#110 = VERTEX_POINT ( 'NONE', #42 ) ;
#111 = DIRECTION ( 'NONE',  ( 0.000000000000000000, -1.000000000000000000, -0.000000000000000000 ) ) ;
#112 = VERTEX_POINT ( 'NONE', #1879 ) ;
#113 = ORIENTED_EDGE ( 'NONE', *, *, #732, .T. ) ;
#114 = LINE ( 'NONE', #1469, #164 ) ;
#115 = FACE_OUTER_BOUND ( 'NONE', #510, .T. ) ;
#116 = CARTESIAN_POINT ( 'NONE',  ( -0.9499999999999999556, -3.559999999999999609, -0.3199999999999999512 ) ) ;
#117 = VERTEX_POINT ( 'NONE', #660 ) ;
#118 = LINE ( 'NONE', #1348, #1561 ) ;
#119 = EDGE_CURVE ( 'NONE', #468, #996, #1436, .T. ) ;
#120 = VERTEX_POINT ( 'NONE', #1693 ) ;
#121 = ORIENTED_EDGE ( 'NONE', *, *, #1569, .T. ) ;
#122 = CARTESIAN_POINT ( 'NONE',  ( 1.590000000000000080, -3.559999999999999609, -0.3199999999999999512 ) ) ;
#123 = LINE ( 'NONE', #1511, #717 ) ;
#124 = STYLED_ITEM ( 'NONE', ( #725 ), #1695 ) ;
#125 = VERTEX_POINT ( 'NONE', #955 ) ;
#126 = DIRECTION ( 'NONE',  ( -0.000000000000000000, 1.000000000000000000, 0.000000000000000000 ) ) ;
#127 = AXIS2_PLACEMENT_3D ( 'NONE', #956, #1684, #1547 ) ;
#128 = ORIENTED_EDGE ( 'NONE', *, *, #626, .T. ) ;
#129 = SURFACE_SIDE_STYLE ('',( #1031 ) ) ;
#130 = EDGE_CURVE ( 'NONE', #1949, #1052, #1264, .T. ) ;
#131 = VERTEX_POINT ( 'NONE', #507 ) ;
#132 = DIRECTION ( 'NONE',  ( 0.000000000000000000, 0.000000000000000000, 1.000000000000000000 ) ) ;
#133 = ADVANCED_FACE ( 'NONE', ( #1118 ), #318, .T. ) ;
#134 = DIRECTION ( 'NONE',  ( 0.000000000000000000, 0.000000000000000000, 1.000000000000000000 ) ) ;
#135 = DIRECTION ( 'NONE',  ( 1.000000000000000000, -0.000000000000000000, 0.000000000000000000 ) ) ;
#136 = PLANE ( 'NONE',  #1338 ) ;
#137 = AXIS2_PLACEMENT_3D ( 'NONE', #1411, #369, #829 ) ;
#138 = EDGE_LOOP ( 'NONE', ( #1709, #832, #193, #1897, #820, #497 ) ) ;
#139 = VECTOR ( 'NONE', #1774, 1000.000000000000000 ) ;
#140 = DIRECTION ( 'NONE',  ( -0.000000000000000000, 1.000000000000000000, 0.000000000000000000 ) ) ;
#141 = ORIENTED_EDGE ( 'NONE', *, *, #1578, .T. ) ;
#142 = VECTOR ( 'NONE', #1387, 1000.000000000000000 ) ;
#143 =( NAMED_UNIT ( * ) PLANE_ANGLE_UNIT ( ) SI_UNIT ( $, .RADIAN. ) );
#144 = ORIENTED_EDGE ( 'NONE', *, *, #1200, .F. ) ;
#145 = DIRECTION ( 'NONE',  ( -1.000000000000000000, 0.000000000000000000, -0.000000000000000000 ) ) ;
#146 = DIRECTION ( 'NONE',  ( -0.9284766908852659650, 0.3713906763540870126, 0.000000000000000000 ) ) ;
#147 = ADVANCED_FACE ( 'NONE', ( #442 ), #749, .F. ) ;
#148 = PLANE ( 'NONE',  #1876 ) ;
#149 = PLANE ( 'NONE',  #1872 ) ;
#150 = ORIENTED_EDGE ( 'NONE', *, *, #742, .T. ) ;
#151 = LINE ( 'NONE', #444, #624 ) ;
#152 = ORIENTED_EDGE ( 'NONE', *, *, #1910, .F. ) ;
#153 = ORIENTED_EDGE ( 'NONE', *, *, #1164, .F. ) ;
#154 = PRESENTATION_STYLE_ASSIGNMENT (( #1805 ) ) ;
#155 = DIRECTION ( 'NONE',  ( 0.000000000000000000, 0.000000000000000000, -1.000000000000000000 ) ) ;
#156 = CARTESIAN_POINT ( 'NONE',  ( -0.3050000000000000488, 3.160000000000000142, 0.7500000000000000000 ) ) ;
#157 = EDGE_CURVE ( 'NONE', #1090, #1514, #939, .T. ) ;
#158 = LINE ( 'NONE', #928, #713 ) ;
#159 = VECTOR ( 'NONE', #1529, 1000.000000000000000 ) ;
#160 = ADVANCED_FACE ( 'NONE', ( #598 ), #149, .T. ) ;
#161 = ORIENTED_EDGE ( 'NONE', *, *, #1524, .F. ) ;
#162 = DIRECTION ( 'NONE',  ( 0.3481553119113965367, -0.8703882797784950887, -0.3481553119113799388 ) ) ;
#163 = ORIENTED_EDGE ( 'NONE', *, *, #1369, .F. ) ;
#164 = VECTOR ( 'NONE', #1324, 1000.000000000000114 ) ;
#165 = ORIENTED_EDGE ( 'NONE', *, *, #461, .T. ) ;
#166 = AXIS2_PLACEMENT_3D ( 'NONE', #815, #326, #1372 ) ;
#167 = CARTESIAN_POINT ( 'NONE',  ( 1.589999999999999858, 0.6399999999999999023, -0.3199999999999977307 ) ) ;
#168 = PLANE ( 'NONE',  #1465 ) ;
#169 = CARTESIAN_POINT ( 'NONE',  ( -2.540000000000000036, 3.160000000000000142, -2.879999999999999893 ) ) ;
#170 = DIRECTION ( 'NONE',  ( 0.000000000000000000, 0.000000000000000000, 1.000000000000000000 ) ) ;
#171 = VERTEX_POINT ( 'NONE', #1231 ) ;
#172 = DIRECTION ( 'NONE',  ( 1.000000000000000000, 0.000000000000000000, 0.000000000000000000 ) ) ;
#173 = EDGE_CURVE ( 'NONE', #889, #184, #1649, .T. ) ;
#174 = ORIENTED_EDGE ( 'NONE', *, *, #435, .F. ) ;
#175 = CLOSED_SHELL ( 'NONE', ( #160, #319, #1825, #1798, #597, #1556, #1848, #819, #133, #1667, #1775, #1814, #917, #668, #877, #1631, #1383, #1306, #1765, #1212, #281, #244, #680, #1882, #1801, #1344, #471, #1062, #1236, #147, #838, #1415, #495, #341, #1501, #35, #481 ) ) ;
#176 = ORIENTED_EDGE ( 'NONE', *, *, #986, .F. ) ;
#177 = VECTOR ( 'NONE', #1263, 1000.000000000000000 ) ;
#178 = LINE ( 'NONE', #1555, #863 ) ;
#179 = VECTOR ( 'NONE', #286, 1000.000000000000000 ) ;
#180 = PLANE ( 'NONE',  #206 ) ;
#181 = CARTESIAN_POINT ( 'NONE',  ( 1.489999999999999991, -3.309999999999999609, 5.082197683525802034E-17 ) ) ;
#182 = CARTESIAN_POINT ( 'NONE',  ( 0.9500000000000011768, 0.6399999999999999023, 0.3199999999999999512 ) ) ;
#183 = CARTESIAN_POINT ( 'NONE',  ( -2.540000000000000036, 3.160000000000000142, 2.919999999999999929 ) ) ;
#184 = VERTEX_POINT ( 'NONE', #779 ) ;
#185 = VERTEX_POINT ( 'NONE', #1639 ) ;
#186 = ADVANCED_FACE ( 'NONE', ( #1346 ), #452, .T. ) ;
#187 = FACE_OUTER_BOUND ( 'NONE', #1483, .T. ) ;
#188 = EDGE_CURVE ( 'NONE', #1579, #1527, #473, .T. ) ;
#189 = CARTESIAN_POINT ( 'NONE',  ( 1.590000000000000080, 0.6400000000000001243, 0.3199999999999999512 ) ) ;
#190 = CARTESIAN_POINT ( 'NONE',  ( -1.149999999999997469, 10.66000000000000192, -0.1200000000000012307 ) ) ;
#191 = DIRECTION ( 'NONE',  ( -0.000000000000000000, -0.000000000000000000, -1.000000000000000000 ) ) ;
#192 = ORIENTED_EDGE ( 'NONE', *, *, #2, .T. ) ;
#193 = ORIENTED_EDGE ( 'NONE', *, *, #67, .T. ) ;
#194 = DIRECTION ( 'NONE',  ( 1.000000000000000000, 0.000000000000000000, 0.000000000000000000 ) ) ;
#195 = ADVANCED_FACE ( 'NONE', ( #1679 ), #1533, .T. ) ;
#196 = CARTESIAN_POINT ( 'NONE',  ( -1.590000000000000080, -3.559999999999999609, 0.3200000000000000067 ) ) ;
#197 = EDGE_CURVE ( 'NONE', #120, #553, #158, .T. ) ;
#198 = LINE ( 'NONE', #1237, #1269 ) ;
#199 = FACE_OUTER_BOUND ( 'NONE', #439, .T. ) ;
#200 = ORIENTED_EDGE ( 'NONE', *, *, #1228, .F. ) ;
#201 = VERTEX_POINT ( 'NONE', #182 ) ;
#202 = CARTESIAN_POINT ( 'NONE',  ( 2.109999999999999876, 0.6400000000000000133, 0.3199999999999999512 ) ) ;
#203 = VECTOR ( 'NONE', #1857, 1000.000000000000000 ) ;
#204 = PLANE ( 'NONE',  #6 ) ;
#205 = ORIENTED_EDGE ( 'NONE', *, *, #1642, .T. ) ;
#206 = AXIS2_PLACEMENT_3D ( 'NONE', #980, #1859, #1739 ) ;
#207 = LINE ( 'NONE', #1892, #1144 ) ;
#208 = VECTOR ( 'NONE', #1252, 1000.000000000000000 ) ;
#209 = FACE_OUTER_BOUND ( 'NONE', #1594, .T. ) ;
#210 = ADVANCED_FACE ( 'NONE', ( #587 ), #790, .T. ) ;
#211 = ORIENTED_EDGE ( 'NONE', *, *, #197, .T. ) ;
#212 = LINE ( 'NONE', #1878, #362 ) ;
#213 = DIRECTION ( 'NONE',  ( -0.000000000000000000, 1.000000000000000000, -0.000000000000000000 ) ) ;
#214 = DIRECTION ( 'NONE',  ( 0.000000000000000000, 0.000000000000000000, 1.000000000000000000 ) ) ;
#215 = LINE ( 'NONE', #1615, #259 ) ;
#216 = LINE ( 'NONE', #834, #1936 ) ;
#217 = EDGE_CURVE ( 'NONE', #305, #1749, #919, .T. ) ;
#218 = ADVANCED_FACE ( 'NONE', ( #287 ), #1199, .T. ) ;
#219 = EDGE_LOOP ( 'NONE', ( #689, #1752, #654, #1339 ) ) ;
#220 = FACE_OUTER_BOUND ( 'NONE', #1347, .T. ) ;
#221 = DIRECTION ( 'NONE',  ( 0.000000000000000000, 1.000000000000000000, -0.000000000000000000 ) ) ;
#222 = DIRECTION ( 'NONE',  ( 0.3481553119113778294, 0.8703882797784899816, -0.3481553119114117467 ) ) ;
#223 = ORIENTED_EDGE ( 'NONE', *, *, #1725, .T. ) ;
#224 = CARTESIAN_POINT ( 'NONE',  ( -2.540000000000000036, 0.000000000000000000, 0.02000000000000005246 ) ) ;
#225 = MECHANICAL_DESIGN_GEOMETRIC_PRESENTATION_REPRESENTATION (  '', ( #1611 ), #1895 ) ;
#226 = LINE ( 'NONE', #950, #906 ) ;
#227 = COLOUR_RGB ( '',0.7921568627450980005, 0.8196078431372548767, 0.9333333333333333481 ) ;
#228 = CARTESIAN_POINT ( 'NONE',  ( -1.270000000000000018, 10.94999999999999929, -2.879999999999999893 ) ) ;
#229 = ORIENTED_EDGE ( 'NONE', *, *, #1215, .F. ) ;
#230 = DIRECTION ( 'NONE',  ( 0.000000000000000000, 0.000000000000000000, -1.000000000000000000 ) ) ;
#231 = EDGE_CURVE ( 'NONE', #531, #51, #896, .T. ) ;
#232 = DIRECTION ( 'NONE',  ( 0.000000000000000000, 0.000000000000000000, -1.000000000000000000 ) ) ;
#233 = DIRECTION ( 'NONE',  ( 0.3713906763540870126, 0.9284766908852659650, 0.000000000000000000 ) ) ;
#234 = ORIENTED_EDGE ( 'NONE', *, *, #1475, .T. ) ;
#235 = DIRECTION ( 'NONE',  ( 1.000000000000000000, 0.000000000000000000, -0.000000000000000000 ) ) ;
#236 = AXIS2_PLACEMENT_3D ( 'NONE', #514, #1276, #502 ) ;
#237 = CARTESIAN_POINT ( 'NONE',  ( 1.270000000000000018, -3.560000000000004938, 0.1200000000000031181 ) ) ;
#238 = AXIS2_PLACEMENT_3D ( 'NONE', #690, #1153, #387 ) ;
#239 = CARTESIAN_POINT ( 'NONE',  ( 0.4299999999999998268, 0.000000000000000000, 2.919999999999999929 ) ) ;
#240 = ORIENTED_EDGE ( 'NONE', *, *, #1930, .T. ) ;
#241 = CARTESIAN_POINT ( 'NONE',  ( -0.4299999999999999378, 0.6399999999999999023, 2.919999999999999929 ) ) ;
#242 = ORIENTED_EDGE ( 'NONE', *, *, #1150, .F. ) ;
#243 = LINE ( 'NONE', #1313, #1270 ) ;
#244 = ADVANCED_FACE ( 'NONE', ( #1366 ), #136, .T. ) ;
#245 = ORIENTED_EDGE ( 'NONE', *, *, #188, .F. ) ;
#246 = CARTESIAN_POINT ( 'NONE',  ( -1.590000000000000080, 3.160000000000000142, -0.3199999999999999512 ) ) ;
#247 = EDGE_CURVE ( 'NONE', #1020, #1664, #1660, .T. ) ;
#248 = LINE ( 'NONE', #276, #1220 ) ;
#249 = CARTESIAN_POINT ( 'NONE',  ( -2.540000000000000036, 0.000000000000000000, 2.919999999999999929 ) ) ;
#250 = ORIENTED_EDGE ( 'NONE', *, *, #1705, .F. ) ;
#251 = DIRECTION ( 'NONE',  ( 0.000000000000000000, 0.000000000000000000, 1.000000000000000000 ) ) ;
#252 = ORIENTED_EDGE ( 'NONE', *, *, #1438, .F. ) ;
#253 = CARTESIAN_POINT ( 'NONE',  ( 0.9499999999999998446, 3.159999999999999698, 0.3199999999999999512 ) ) ;
#254 = VERTEX_POINT ( 'NONE', #190 ) ;
#255 = PLANE ( 'NONE',  #1735 ) ;
#256 = DIRECTION ( 'NONE',  ( -1.000000000000000000, 0.000000000000000000, 0.000000000000000000 ) ) ;
#257 = EDGE_CURVE ( 'NONE', #760, #996, #216, .T. ) ;
#258 = CARTESIAN_POINT ( 'NONE',  ( 2.540000000000000036, 0.000000000000000000, 0.02000000000000005246 ) ) ;
#259 = VECTOR ( 'NONE', #1921, 1000.000000000000000 ) ;
#260 = ORIENTED_EDGE ( 'NONE', *, *, #108, .F. ) ;
#261 = FACE_OUTER_BOUND ( 'NONE', #1761, .T. ) ;
#262 = EDGE_LOOP ( 'NONE', ( #1329, #300, #1081, #1704 ) ) ;
#263 = APPLICATION_PROTOCOL_DEFINITION ( 'draft international standard', 'automotive_design', 1998, #1758 ) ;
#264 = ORIENTED_EDGE ( 'NONE', *, *, #50, .T. ) ;
#265 = FACE_OUTER_BOUND ( 'NONE', #1147, .T. ) ;
#266 = DIRECTION ( 'NONE',  ( 1.000000000000000000, 0.000000000000000000, 0.000000000000000000 ) ) ;
#267 = DIRECTION ( 'NONE',  ( 0.3420201433257225032, 0.9396926207858888880, 0.000000000000000000 ) ) ;
#268 = VECTOR ( 'NONE', #1255, 1000.000000000000000 ) ;
#269 = EDGE_CURVE ( 'NONE', #553, #934, #1708, .T. ) ;
#270 =( GEOMETRIC_REPRESENTATION_CONTEXT ( 3 ) GLOBAL_UNCERTAINTY_ASSIGNED_CONTEXT ( ( #1268 ) ) GLOBAL_UNIT_ASSIGNED_CONTEXT ( ( #1170, #566, #413 ) ) REPRESENTATION_CONTEXT ( 'NONE', 'WORKASPACE' ) );
#271 = VECTOR ( 'NONE', #526, 1000.000000000000000 ) ;
#272 = ORIENTED_EDGE ( 'NONE', *, *, #1168, .F. ) ;
#273 = CARTESIAN_POINT ( 'NONE',  ( 0.9500000000000048406, -3.059999999999998277, -0.3199999999999999512 ) ) ;
#274 = ORIENTED_EDGE ( 'NONE', *, *, #901, .F. ) ;
#275 = VERTEX_POINT ( 'NONE', #1267 ) ;
#276 = CARTESIAN_POINT ( 'NONE',  ( -0.4299999999999999933, 0.6400000000000000133, 2.919999999999999929 ) ) ;
#277 = LINE ( 'NONE', #894, #813 ) ;
#278 = EDGE_CURVE ( 'NONE', #922, #531, #1865, .T. ) ;
#279 = ORIENTED_EDGE ( 'NONE', *, *, #1200, .T. ) ;
#280 = PLANE ( 'NONE',  #1562 ) ;
#281 = ADVANCED_FACE ( 'NONE', ( #1395, #209 ), #1559, .F. ) ;
#282 = ORIENTED_EDGE ( 'NONE', *, *, #83, .T. ) ;
#283 = ORIENTED_EDGE ( 'NONE', *, *, #1086, .T. ) ;
#284 = CARTESIAN_POINT ( 'NONE',  ( 1.050000000000000044, 10.41000000000000014, 5.082197683525802034E-17 ) ) ;
#285 = CARTESIAN_POINT ( 'NONE',  ( 1.270000000000000018, 3.760000000000000231, -1.280000000000000027 ) ) ;
#286 = DIRECTION ( 'NONE',  ( -0.000000000000000000, 0.000000000000000000, -1.000000000000000000 ) ) ;
#287 = FACE_OUTER_BOUND ( 'NONE', #851, .T. ) ;
#288 = ORIENTED_EDGE ( 'NONE', *, *, #1038, .T. ) ;
#289 = LINE ( 'NONE', #879, #107 ) ;
#290 = VECTOR ( 'NONE', #1428, 1000.000000000000000 ) ;
#291 = ORIENTED_EDGE ( 'NONE', *, *, #1734, .F. ) ;
#292 = PRESENTATION_STYLE_ASSIGNMENT (( #1762 ) ) ;
#293 = ORIENTED_EDGE ( 'NONE', *, *, #157, .F. ) ;
#294 = EDGE_CURVE ( 'NONE', #1664, #410, #226, .T. ) ;
#295 =( NAMED_UNIT ( * ) SI_UNIT ( $, .STERADIAN. ) SOLID_ANGLE_UNIT ( ) );
#296 = DIRECTION ( 'NONE',  ( -0.3713906763540870126, -0.9284766908852659650, 0.000000000000000000 ) ) ;
#297 = LINE ( 'NONE', #1648, #972 ) ;
#298 = DIRECTION ( 'NONE',  ( 0.000000000000000000, -0.000000000000000000, 1.000000000000000000 ) ) ;
#299 = VECTOR ( 'NONE', #1830, 1000.000000000000000 ) ;
#300 = ORIENTED_EDGE ( 'NONE', *, *, #83, .F. ) ;
#301 = VECTOR ( 'NONE', #590, 1000.000000000000227 ) ;
#302 = DIRECTION ( 'NONE',  ( -0.000000000000000000, 0.000000000000000000, -1.000000000000000000 ) ) ;
#303 = VERTEX_POINT ( 'NONE', #525 ) ;
#304 = VECTOR ( 'NONE', #1915, 1000.000000000000000 ) ;
#305 = VERTEX_POINT ( 'NONE', #1716 ) ;
#306 = ADVANCED_FACE ( 'NONE', ( #637 ), #493, .T. ) ;
#307 = FACE_OUTER_BOUND ( 'NONE', #560, .T. ) ;
#308 = EDGE_CURVE ( 'NONE', #1467, #728, #365, .T. ) ;
#309 = FACE_BOUND ( 'NONE', #350, .T. ) ;
#310 = DIRECTION ( 'NONE',  ( 0.000000000000000000, 0.000000000000000000, -1.000000000000000000 ) ) ;
#311 = ORIENTED_EDGE ( 'NONE', *, *, #1426, .F. ) ;
#312 = CARTESIAN_POINT ( 'NONE',  ( 1.489999999999999991, 10.41000000000000014, 5.082197683525802034E-17 ) ) ;
#313 = ORIENTED_EDGE ( 'NONE', *, *, #1524, .T. ) ;
#314 = ORIENTED_EDGE ( 'NONE', *, *, #685, .F. ) ;
#315 = CARTESIAN_POINT ( 'NONE',  ( -2.540000000000000036, 1.580000000000000071, 0.02000000000000005246 ) ) ;
#316 = CARTESIAN_POINT ( 'NONE',  ( 2.109999999999999876, 0.000000000000000000, -2.879999999999999893 ) ) ;
#317 = CARTESIAN_POINT ( 'NONE',  ( -0.9499999999999998446, 3.160000000000000142, -0.3199999999999999512 ) ) ;
#318 = PLANE ( 'NONE',  #1746 ) ;
#319 = ADVANCED_FACE ( 'NONE', ( #664 ), #1687, .F. ) ;
#320 = ORIENTED_EDGE ( 'NONE', *, *, #957, .F. ) ;
#321 = DIRECTION ( 'NONE',  ( 0.000000000000000000, -1.000000000000000000, -0.000000000000000000 ) ) ;
#322 = ORIENTED_EDGE ( 'NONE', *, *, #1619, .F. ) ;
#323 = AXIS2_PLACEMENT_3D ( 'NONE', #284, #1951, #755 ) ;
#324 = EDGE_LOOP ( 'NONE', ( #465, #750, #1584, #1125 ) ) ;
#325 = STYLED_ITEM ( 'NONE', ( #292 ), #777 ) ;
#326 = DIRECTION ( 'NONE',  ( 0.000000000000000000, -1.000000000000000000, 0.000000000000000000 ) ) ;
#327 = CARTESIAN_POINT ( 'NONE',  ( -1.270000000000000018, 5.450000000000000178, -1.879999999999999893 ) ) ;
#328 = FACE_OUTER_BOUND ( 'NONE', #1213, .T. ) ;
#329 = CARTESIAN_POINT ( 'NONE',  ( -2.540000000000000036, 0.000000000000000000, 2.919999999999999929 ) ) ;
#330 = EDGE_CURVE ( 'NONE', #1174, #1941, #797, .T. ) ;
#331 = CARTESIAN_POINT ( 'NONE',  ( 1.269999999999999796, 3.160000000000000142, -2.879999999999999893 ) ) ;
#332 = ORIENTED_EDGE ( 'NONE', *, *, #1788, .F. ) ;
#333 = VECTOR ( 'NONE', #1572, 1000.000000000000000 ) ;
#334 = VERTEX_POINT ( 'NONE', #37 ) ;
#335 = AXIS2_PLACEMENT_3D ( 'NONE', #1917, #1779, #569 ) ;
#336 = DIRECTION ( 'NONE',  ( 0.000000000000000000, 0.000000000000000000, -1.000000000000000000 ) ) ;
#337 = ORIENTED_EDGE ( 'NONE', *, *, #721, .T. ) ;
#338 = LINE ( 'NONE', #655, #670 ) ;
#339 = DIRECTION ( 'NONE',  ( -0.9396926207858973257, -0.3420201433256991330, 0.000000000000000000 ) ) ;
#340 = LINE ( 'NONE', #183, #142 ) ;
#341 = ADVANCED_FACE ( 'NONE', ( #644 ), #1132, .F. ) ;
#342 = ORIENTED_EDGE ( 'NONE', *, *, #1449, .F. ) ;
#343 = ORIENTED_EDGE ( 'NONE', *, *, #746, .F. ) ;
#344 = EDGE_CURVE ( 'NONE', #911, #23, #977, .T. ) ;
#345 = CARTESIAN_POINT ( 'NONE',  ( -2.540000000000000036, 0.000000000000000000, -2.879999999999999893 ) ) ;
#346 = PLANE ( 'NONE',  #1089 ) ;
#347 = PLANE ( 'NONE',  #1114 ) ;
#348 = CARTESIAN_POINT ( 'NONE',  ( 0.9499999999999999556, -3.559999999999999609, 0.3200000000000000067 ) ) ;
#349 = VERTEX_POINT ( 'NONE', #57 ) ;
#350 = EDGE_LOOP ( 'NONE', ( #252, #731, #311, #32 ) ) ;
#351 = DIRECTION ( 'NONE',  ( 0.000000000000000000, 0.000000000000000000, -1.000000000000000000 ) ) ;
#352 = VECTOR ( 'NONE', #1674, 1000.000000000000114 ) ;
#353 = LINE ( 'NONE', #804, #609 ) ;
#354 = EDGE_CURVE ( 'NONE', #1881, #1632, #1847, .T. ) ;
#355 = DIRECTION ( 'NONE',  ( 1.000000000000000000, 0.000000000000000000, -0.000000000000000000 ) ) ;
#356 = DIRECTION ( 'NONE',  ( -1.000000000000000000, -0.000000000000000000, -0.000000000000000000 ) ) ;
#357 = ORIENTED_EDGE ( 'NONE', *, *, #826, .T. ) ;
#358 = CARTESIAN_POINT ( 'NONE',  ( -0.3049999999999999933, 0.000000000000000000, 0.7500000000000000000 ) ) ;
#359 = CARTESIAN_POINT ( 'NONE',  ( -1.270000000000000018, 1.580000000000000071, -1.879999999999999893 ) ) ;
#360 = AXIS2_PLACEMENT_3D ( 'NONE', #1568, #339, #1541 ) ;
#361 = CYLINDRICAL_SURFACE ( 'NONE', #612, 0.5999999999999999778 ) ;
#362 = VECTOR ( 'NONE', #368, 1000.000000000000114 ) ;
#363 = DIRECTION ( 'NONE',  ( -0.000000000000000000, 1.000000000000000000, 0.000000000000000000 ) ) ;
#364 = AXIS2_PLACEMENT_3D ( 'NONE', #1353, #1334, #907 ) ;
#365 = LINE ( 'NONE', #1094, #1033 ) ;
#366 = ADVANCED_FACE ( 'NONE', ( #1697 ), #674, .T. ) ;
#367 = VERTEX_POINT ( 'NONE', #1551 ) ;
#368 = DIRECTION ( 'NONE',  ( -0.000000000000000000, 0.8660254037844288266, -0.5000000000000169864 ) ) ;
#369 = DIRECTION ( 'NONE',  ( 0.000000000000000000, -0.3713906763540870126, -0.9284766908852659650 ) ) ;
#370 = CARTESIAN_POINT ( 'NONE',  ( 0.3050000000000001599, 0.000000000000000000, 2.919999999999999929 ) ) ;
#371 = PLANE ( 'NONE',  #893 ) ;
#372 = DIRECTION ( 'NONE',  ( 0.000000000000000000, -1.000000000000000000, 0.000000000000000000 ) ) ;
#373 = DIRECTION ( 'NONE',  ( 1.000000000000000000, 0.000000000000000000, 0.000000000000000000 ) ) ;
#374 = ADVANCED_FACE ( 'NONE', ( #199 ), #807, .T. ) ;
#375 = ORIENTED_EDGE ( 'NONE', *, *, #1701, .F. ) ;
#376 = CARTESIAN_POINT ( 'NONE',  ( -0.4299999999999999933, 0.6400000000000000133, 0.3199999999999999512 ) ) ;
#377 = CARTESIAN_POINT ( 'NONE',  ( 0.9500000000000011768, 0.6399999999999999023, 0.3199999999999999512 ) ) ;
#378 = PLANE ( 'NONE',  #801 ) ;
#379 = EDGE_LOOP ( 'NONE', ( #1791, #870, #914, #1183 ) ) ;
#380 = VECTOR ( 'NONE', #36, 1000.000000000000000 ) ;
#381 = DIRECTION ( 'NONE',  ( 0.000000000000000000, -0.000000000000000000, 1.000000000000000000 ) ) ;
#382 = DIRECTION ( 'NONE',  ( -0.000000000000000000, 1.000000000000000000, -0.000000000000000000 ) ) ;
#383 = CARTESIAN_POINT ( 'NONE',  ( 0.9500000000000011768, 0.6399999999999999023, -0.3199999999999977307 ) ) ;
#384 = ADVANCED_FACE ( 'NONE', ( #1259 ), #1575, .T. ) ;
#385 = MANIFOLD_SOLID_BREP ( 'Body-Move/Copy2[3]', #1494 ) ;
#386 = ORIENTED_EDGE ( 'NONE', *, *, #1656, .T. ) ;
#387 = DIRECTION ( 'NONE',  ( 0.000000000000000000, 7.228014483236696555E-16, 1.000000000000000000 ) ) ;
#388 = EDGE_CURVE ( 'NONE', #792, #410, #533, .T. ) ;
#389 = ORIENTED_EDGE ( 'NONE', *, *, #344, .T. ) ;
#390 = EDGE_LOOP ( 'NONE', ( #947, #1042, #763, #774 ) ) ;
#391 = VECTOR ( 'NONE', #1838, 1000.000000000000000 ) ;
#392 = FACE_OUTER_BOUND ( 'NONE', #138, .T. ) ;
#393 = VECTOR ( 'NONE', #1806, 1000.000000000000000 ) ;
#394 = VECTOR ( 'NONE', #867, 1000.000000000000000 ) ;
#395 = DIRECTION ( 'NONE',  ( -0.000000000000000000, 1.000000000000000000, 0.000000000000000000 ) ) ;
#396 = VERTEX_POINT ( 'NONE', #686 ) ;
#397 = EDGE_CURVE ( 'NONE', #1654, #1911, #1732, .T. ) ;
#398 = CARTESIAN_POINT ( 'NONE',  ( -1.590000000000000080, -3.559999999999999609, -0.1199999999999999400 ) ) ;
#399 = ORIENTED_EDGE ( 'NONE', *, *, #1497, .F. ) ;
#400 = CARTESIAN_POINT ( 'NONE',  ( 1.050000000000000044, -3.309999999999999609, -9.947554932554503182E-15 ) ) ;
#401 = ORIENTED_EDGE ( 'NONE', *, *, #1737, .T. ) ;
#402 = EDGE_CURVE ( 'NONE', #922, #1517, #1325, .T. ) ;
#403 = CARTESIAN_POINT ( 'NONE',  ( -1.270000000000000018, 7.897986928012000085, -1.879999999999999893 ) ) ;
#404 = CARTESIAN_POINT ( 'NONE',  ( -1.590000000000000080, 0.6399999999999999023, -0.3199999999999999512 ) ) ;
#405 = LINE ( 'NONE', #1875, #271 ) ;
#406 = ORIENTED_EDGE ( 'NONE', *, *, #72, .F. ) ;
#407 = LINE ( 'NONE', #1194, #1815 ) ;
#408 = ORIENTED_EDGE ( 'NONE', *, *, #1039, .T. ) ;
#409 =( LENGTH_UNIT ( ) NAMED_UNIT ( * ) SI_UNIT ( .MILLI., .METRE. ) );
#410 = VERTEX_POINT ( 'NONE', #1616 ) ;
#411 = EDGE_CURVE ( 'NONE', #1525, #1012, #1744, .T. ) ;
#412 = LINE ( 'NONE', #864, #1770 ) ;
#413 =( NAMED_UNIT ( * ) SI_UNIT ( $, .STERADIAN. ) SOLID_ANGLE_UNIT ( ) );
#414 = CARTESIAN_POINT ( 'NONE',  ( -1.590000000000000080, 10.66000000000000014, -0.3199999999999999512 ) ) ;
#415 = COLOUR_RGB ( '',1.000000000000000000, 1.000000000000000000, 1.000000000000000000 ) ;
#416 = ORIENTED_EDGE ( 'NONE', *, *, #1449, .T. ) ;
#417 = DIRECTION ( 'NONE',  ( -1.000000000000000000, 0.000000000000000000, 0.000000000000000000 ) ) ;
#418 = ORIENTED_EDGE ( 'NONE', *, *, #808, .F. ) ;
#419 = VERTEX_POINT ( 'NONE', #994 ) ;
#420 =( NAMED_UNIT ( * ) PLANE_ANGLE_UNIT ( ) SI_UNIT ( $, .RADIAN. ) );
#421 = CARTESIAN_POINT ( 'NONE',  ( -1.050000000000000044, 10.41000000000000014, -9.947554932554503182E-15 ) ) ;
#422 = DIRECTION ( 'NONE',  ( -1.000000000000000000, -0.000000000000000000, 0.000000000000000000 ) ) ;
#423 = VECTOR ( 'NONE', #825, 1000.000000000000000 ) ;
#424 = EDGE_CURVE ( 'NONE', #1740, #1359, #1586, .T. ) ;
#425 = VECTOR ( 'NONE', #1898, 1000.000000000000000 ) ;
#426 = VECTOR ( 'NONE', #1076, 1000.000000000000114 ) ;
#427 = ORIENTED_EDGE ( 'NONE', *, *, #93, .T. ) ;
#428 = CARTESIAN_POINT ( 'NONE',  ( -0.3050000000000000488, 3.160000000000000142, -0.7500000000000000000 ) ) ;
#429 = EDGE_LOOP ( 'NONE', ( #1683, #793, #773, #460, #699, #1833, #1193, #1293, #1570, #923, #1335, #752, #1172, #961, #399, #264, #1793, #837 ) ) ;
#430 = ORIENTED_EDGE ( 'NONE', *, *, #826, .F. ) ;
#431 = LINE ( 'NONE', #1498, #1803 ) ;
#432 = LINE ( 'NONE', #8, #1034 ) ;
#433 = CARTESIAN_POINT ( 'NONE',  ( -1.270000000000000018, -3.309999999999999609, -0.2199999999999999456 ) ) ;
#434 = CARTESIAN_POINT ( 'NONE',  ( -1.270000000000000018, 10.41000000000000014, -0.2199999999999999456 ) ) ;
#435 = EDGE_CURVE ( 'NONE', #741, #23, #1441, .T. ) ;
#436 = ORIENTED_EDGE ( 'NONE', *, *, #795, .T. ) ;
#437 = DIRECTION ( 'NONE',  ( 0.000000000000000000, 0.000000000000000000, 1.000000000000000000 ) ) ;
#438 = ORIENTED_EDGE ( 'NONE', *, *, #1596, .F. ) ;
#439 = EDGE_LOOP ( 'NONE', ( #1053, #1563, #89, #1700 ) ) ;
#440 = DIRECTION ( 'NONE',  ( 0.000000000000000000, 0.000000000000000000, -1.000000000000000000 ) ) ;
#441 = DIRECTION ( 'NONE',  ( -0.000000000000000000, 1.000000000000000000, 0.000000000000000000 ) ) ;
#442 = FACE_OUTER_BOUND ( 'NONE', #1536, .T. ) ;
#443 = ORIENTED_EDGE ( 'NONE', *, *, #1038, .F. ) ;
#444 = CARTESIAN_POINT ( 'NONE',  ( -2.540000000000000036, 1.580000000000000071, 2.919999999999999929 ) ) ;
#445 = EDGE_CURVE ( 'NONE', #1832, #741, #1179, .T. ) ;
#446 = EDGE_LOOP ( 'NONE', ( #406, #860, #1201, #952 ) ) ;
#447 = ORIENTED_EDGE ( 'NONE', *, *, #1920, .F. ) ;
#448 = ADVANCED_FACE ( 'NONE', ( #1893 ), #1025, .T. ) ;
#449 = SURFACE_STYLE_USAGE ( .BOTH. , #1816 ) ;
#450 = FACE_OUTER_BOUND ( 'NONE', #1887, .T. ) ;
#451 = DIRECTION ( 'NONE',  ( -1.000000000000000000, 0.000000000000000000, -0.000000000000000000 ) ) ;
#452 = PLANE ( 'NONE',  #1621 ) ;
#453 = AXIS2_PLACEMENT_3D ( 'NONE', #1903, #856, #726 ) ;
#454 = EDGE_LOOP ( 'NONE', ( #205, #438, #1780, #1824 ) ) ;
#455 = VECTOR ( 'NONE', #538, 1000.000000000000000 ) ;
#456 = CARTESIAN_POINT ( 'NONE',  ( -0.4299999999999998823, 0.000000000000000000, 2.919999999999999929 ) ) ;
#457 = ORIENTED_EDGE ( 'NONE', *, *, #119, .F. ) ;
#458 = AXIS2_PLACEMENT_3D ( 'NONE', #433, #576, #918 ) ;
#459 = EDGE_CURVE ( 'NONE', #184, #1210, #1005, .T. ) ;
#460 = ORIENTED_EDGE ( 'NONE', *, *, #1596, .T. ) ;
#461 = EDGE_CURVE ( 'NONE', #570, #633, #248, .T. ) ;
#462 = DIRECTION ( 'NONE',  ( -1.000000000000000000, 0.000000000000000000, 0.000000000000000000 ) ) ;
#463 = CARTESIAN_POINT ( 'NONE',  ( -1.270000000000000018, 10.94999999999999929, -1.879999999999999893 ) ) ;
#464 = DIRECTION ( 'NONE',  ( 1.000000000000000000, -0.000000000000000000, -0.000000000000000000 ) ) ;
#465 = ORIENTED_EDGE ( 'NONE', *, *, #1014, .T. ) ;
#466 = LINE ( 'NONE', #921, #77 ) ;
#467 = EDGE_LOOP ( 'NONE', ( #174, #1007, #1447, #802 ) ) ;
#468 = VERTEX_POINT ( 'NONE', #557 ) ;
#469 = DIRECTION ( 'NONE',  ( 0.000000000000000000, -0.000000000000000000, -1.000000000000000000 ) ) ;
#470 = CARTESIAN_POINT ( 'NONE',  ( -1.270000000000000018, 10.94999999999999929, -1.879999999999999893 ) ) ;
#471 = ADVANCED_FACE ( 'NONE', ( #1161 ), #1470, .F. ) ;
#472 = CARTESIAN_POINT ( 'NONE',  ( -1.590000000000000080, -3.060000000000000053, -0.3199999999999999512 ) ) ;
#473 = LINE ( 'NONE', #1221, #1309 ) ;
#474 = LINE ( 'NONE', #622, #1783 ) ;
#475 = ORIENTED_EDGE ( 'NONE', *, *, #645, .F. ) ;
#476 = ORIENTED_EDGE ( 'NONE', *, *, #1946, .F. ) ;
#477 = AXIS2_PLACEMENT_3D ( 'NONE', #1466, #1792, #900 ) ;
#478 = FACE_OUTER_BOUND ( 'NONE', #390, .T. ) ;
#479 = VERTEX_POINT ( 'NONE', #1459 ) ;
#480 = DIRECTION ( 'NONE',  ( 0.3481553119113798833, 0.8703882797784953107, -0.3481553119113959816 ) ) ;
#481 = ADVANCED_FACE ( 'NONE', ( #115 ), #583, .F. ) ;
#482 = DIRECTION ( 'NONE',  ( 0.000000000000000000, 0.9284766908852659650, 0.3713906763540870126 ) ) ;
#483 = EDGE_CURVE ( 'NONE', #760, #1938, #1658, .T. ) ;
#484 = LINE ( 'NONE', #1535, #1003 ) ;
#485 = VECTOR ( 'NONE', #691, 1000.000000000000000 ) ;
#486 = ORIENTED_EDGE ( 'NONE', *, *, #1177, .F. ) ;
#487 = VECTOR ( 'NONE', #213, 1000.000000000000000 ) ;
#488 = EDGE_LOOP ( 'NONE', ( #568, #1670, #272, #1279 ) ) ;
#489 = VECTOR ( 'NONE', #616, 1000.000000000000000 ) ;
#490 = CARTESIAN_POINT ( 'NONE',  ( 0.9499999999999999556, 0.6400000000000001243, -0.3199999999999999512 ) ) ;
#491 = DIRECTION ( 'NONE',  ( 0.000000000000000000, -0.000000000000000000, -1.000000000000000000 ) ) ;
#492 = FACE_OUTER_BOUND ( 'NONE', #1620, .T. ) ;
#493 = PLANE ( 'NONE',  #43 ) ;
#494 = LINE ( 'NONE', #1698, #208 ) ;
#495 = ADVANCED_FACE ( 'NONE', ( #1637 ), #168, .F. ) ;
#496 = CARTESIAN_POINT ( 'NONE',  ( -2.109999999999999876, 0.6400000000000000133, -2.879999999999999893 ) ) ;
#497 = ORIENTED_EDGE ( 'NONE', *, *, #1332, .T. ) ;
#498 = CARTESIAN_POINT ( 'NONE',  ( 0.4299999999999999933, 0.6400000000000000133, 2.919999999999999929 ) ) ;
#499 = CARTESIAN_POINT ( 'NONE',  ( 1.590000000000000080, -3.060000000000000053, 0.02000000000000005246 ) ) ;
#500 = ORIENTED_EDGE ( 'NONE', *, *, #1933, .T. ) ;
#501 = CARTESIAN_POINT ( 'NONE',  ( 1.390000000000002567, 10.66000000000000192, -0.1200000000000012307 ) ) ;
#502 = DIRECTION ( 'NONE',  ( 0.000000000000000000, -0.000000000000000000, 1.000000000000000000 ) ) ;
#503 = ORIENTED_EDGE ( 'NONE', *, *, #1933, .F. ) ;
#504 = ORIENTED_EDGE ( 'NONE', *, *, #769, .T. ) ;
#505 = EDGE_CURVE ( 'NONE', #40, #479, #905, .T. ) ;
#506 = CARTESIAN_POINT ( 'NONE',  ( 1.590000000000000080, 10.16000000000000014, 0.02000000000000005246 ) ) ;
#507 = CARTESIAN_POINT ( 'NONE',  ( -1.149999999999998801, -3.560000000000000497, -0.1200000000000021605 ) ) ;
#508 = VECTOR ( 'NONE', #135, 1000.000000000000000 ) ;
#509 = CARTESIAN_POINT ( 'NONE',  ( 0.4299999999999999378, 0.6400000000000000133, -2.879999999999999893 ) ) ;
#510 = EDGE_LOOP ( 'NONE', ( #1195, #625, #24, #1138 ) ) ;
#511 = EDGE_CURVE ( 'NONE', #184, #760, #1717, .T. ) ;
#512 = AXIS2_PLACEMENT_3D ( 'NONE', #1382, #1256, #25 ) ;
#513 = LINE ( 'NONE', #976, #737 ) ;
#514 = CARTESIAN_POINT ( 'NONE',  ( 2.109999999999999876, 0.6400000000000000133, 2.919999999999999929 ) ) ;
#515 = UNCERTAINTY_MEASURE_WITH_UNIT (LENGTH_MEASURE( 1.000000000000000082E-05 ), #409, 'distance_accuracy_value', 'NONE');
#516 = ORIENTED_EDGE ( 'NONE', *, *, #635, .F. ) ;
#517 = CARTESIAN_POINT ( 'NONE',  ( 1.270000000000000018, 1.580000000000000071, -1.879999999999999893 ) ) ;
#518 = LINE ( 'NONE', #1128, #619 ) ;
#519 = VECTOR ( 'NONE', #1853, 1000.000000000000000 ) ;
#520 = CARTESIAN_POINT ( 'NONE',  ( -0.4299999999999999378, 0.000000000000000000, -2.879999999999999893 ) ) ;
#521 = VECTOR ( 'NONE', #103, 1000.000000000000000 ) ;
#522 = EDGE_CURVE ( 'NONE', #131, #741, #1942, .T. ) ;
#523 = LINE ( 'NONE', #1440, #1676 ) ;
#524 = VECTOR ( 'NONE', #267, 1000.000000000000114 ) ;
#525 = CARTESIAN_POINT ( 'NONE',  ( -0.3050000000000000488, 0.000000000000000000, 0.7499999999999998890 ) ) ;
#526 = DIRECTION ( 'NONE',  ( 0.000000000000000000, 0.000000000000000000, -1.000000000000000000 ) ) ;
#527 = ORIENTED_EDGE ( 'NONE', *, *, #1228, .T. ) ;
#528 = CARTESIAN_POINT ( 'NONE',  ( -1.270000000000000018, 6.980000000000134541, -1.349999999999767830 ) ) ;
#529 = LINE ( 'NONE', #359, #519 ) ;
#530 = CARTESIAN_POINT ( 'NONE',  ( 0.9970223243002999114, 11.69999999999999929, -2.879999999999999893 ) ) ;
#531 = VERTEX_POINT ( 'NONE', #1074 ) ;
#532 = CARTESIAN_POINT ( 'NONE',  ( 0.9500000000000011768, 10.16000000000000014, 0.3199999999999978417 ) ) ;
#533 = LINE ( 'NONE', #237, #521 ) ;
#534 = EDGE_CURVE ( 'NONE', #1600, #1691, #432, .T. ) ;
#535 = DIRECTION ( 'NONE',  ( -0.000000000000000000, 1.000000000000000000, 0.000000000000000000 ) ) ;
#536 = ADVANCED_FACE ( 'NONE', ( #1373 ), #1509, .T. ) ;
#537 = VERTEX_POINT ( 'NONE', #744 ) ;
#538 = DIRECTION ( 'NONE',  ( -1.000000000000000000, -0.000000000000000000, -0.000000000000000000 ) ) ;
#539 = EDGE_LOOP ( 'NONE', ( #1116, #500, #1602, #1043 ) ) ;
#540 = DIRECTION ( 'NONE',  ( 0.9284766908852659650, -0.3713906763540870126, 0.000000000000000000 ) ) ;
#541 = ORIENTED_EDGE ( 'NONE', *, *, #26, .F. ) ;
#542 = AXIS2_PLACEMENT_3D ( 'NONE', #56, #1845, #1230 ) ;
#543 = FACE_OUTER_BOUND ( 'NONE', #1730, .T. ) ;
#544 = VECTOR ( 'NONE', #222, 999.9999999999998863 ) ;
#545 = DIRECTION ( 'NONE',  ( -0.3713906763540870126, 0.9284766908852659650, 0.000000000000000000 ) ) ;
#546 = PLANE ( 'NONE',  #784 ) ;
#547 = ADVANCED_FACE ( 'NONE', ( #307 ), #19, .T. ) ;
#548 = EDGE_CURVE ( 'NONE', #23, #171, #1666, .T. ) ;
#549 = ORIENTED_EDGE ( 'NONE', *, *, #844, .F. ) ;
#550 = CARTESIAN_POINT ( 'NONE',  ( 1.590000000000000080, 1.580000000000000071, 0.02000000000000005246 ) ) ;
#551 = VERTEX_POINT ( 'NONE', #316 ) ;
#552 = CARTESIAN_POINT ( 'NONE',  ( -1.270000000000000018, 3.760000000000000231, -1.280000000000000027 ) ) ;
#553 = VERTEX_POINT ( 'NONE', #1217 ) ;
#554 = AXIS2_PLACEMENT_3D ( 'NONE', #984, #49, #656 ) ;
#555 = DIRECTION ( 'NONE',  ( 1.000000000000000000, 0.000000000000000000, -0.000000000000000000 ) ) ;
#556 = AXIS2_PLACEMENT_3D ( 'NONE', #550, #828, #230 ) ;
#557 = CARTESIAN_POINT ( 'NONE',  ( 1.269999999999990692, 10.94999999999999574, -2.879999999999999893 ) ) ;
#558 = VECTOR ( 'NONE', #86, 1000.000000000000000 ) ;
#559 = LINE ( 'NONE', #1288, #1408 ) ;
#560 = EDGE_LOOP ( 'NONE', ( #1271, #1349, #211, #1908 ) ) ;
#561 = LINE ( 'NONE', #273, #301 ) ;
#562 = EDGE_CURVE ( 'NONE', #1030, #59, #1952, .T. ) ;
#563 = EDGE_LOOP ( 'NONE', ( #223, #1142, #1821, #1802 ) ) ;
#564 = ORIENTED_EDGE ( 'NONE', *, *, #67, .F. ) ;
#565 = DIRECTION ( 'NONE',  ( 1.000000000000000000, 0.000000000000000000, 0.000000000000000000 ) ) ;
#566 =( NAMED_UNIT ( * ) PLANE_ANGLE_UNIT ( ) SI_UNIT ( $, .RADIAN. ) );
#567 = LINE ( 'NONE', #76, #109 ) ;
#568 = ORIENTED_EDGE ( 'NONE', *, *, #1560, .T. ) ;
#569 = DIRECTION ( 'NONE',  ( -0.000000000000000000, 0.000000000000000000, -1.000000000000000000 ) ) ;
#570 = VERTEX_POINT ( 'NONE', #1784 ) ;
#571 = EDGE_CURVE ( 'NONE', #953, #14, #605, .T. ) ;
#572 = ORIENTED_EDGE ( 'NONE', *, *, #746, .T. ) ;
#573 = CARTESIAN_POINT ( 'NONE',  ( 1.390000000000001013, -3.560000000000000497, -0.1200000000000021605 ) ) ;
#574 = ADVANCED_FACE ( 'NONE', ( #450 ), #1064, .T. ) ;
#575 = DIRECTION ( 'NONE',  ( -1.000000000000000000, -0.000000000000000000, -0.000000000000000000 ) ) ;
#576 = DIRECTION ( 'NONE',  ( 0.000000000000000000, -0.3713906763540870126, -0.9284766908852659650 ) ) ;
#577 = VECTOR ( 'NONE', #673, 1000.000000000000000 ) ;
#578 = AXIS2_PLACEMENT_3D ( 'NONE', #634, #1235, #1835 ) ;
#579 = ORIENTED_EDGE ( 'NONE', *, *, #1646, .T. ) ;
#580 = CARTESIAN_POINT ( 'NONE',  ( 0.4299999999999999933, 0.6400000000000000133, -2.879999999999999893 ) ) ;
#581 = ORIENTED_EDGE ( 'NONE', *, *, #1109, .F. ) ;
#582 = EDGE_LOOP ( 'NONE', ( #1445, #1175, #55, #1434 ) ) ;
#583 = PLANE ( 'NONE',  #748 ) ;
#584 = EDGE_CURVE ( 'NONE', #1663, #792, #1519, .T. ) ;
#585 = CARTESIAN_POINT ( 'NONE',  ( 2.540000000000000036, 3.160000000000000142, 2.919999999999999929 ) ) ;
#586 = CLOSED_SHELL ( 'NONE', ( #1096, #536, #210, #448, #547, #218, #384, #1851, #1011, #927, #1713, #1605, #1943, #1284 ) ) ;
#587 = FACE_OUTER_BOUND ( 'NONE', #1852, .T. ) ;
#588 = AXIS2_PLACEMENT_3D ( 'NONE', #1197, #1054, #1206 ) ;
#589 = ORIENTED_EDGE ( 'NONE', *, *, #58, .F. ) ;
#590 = DIRECTION ( 'NONE',  ( 0.3481553119113798833, -0.8703882797784953107, 0.3481553119113959816 ) ) ;
#591 = ORIENTED_EDGE ( 'NONE', *, *, #844, .T. ) ;
#592 = SHAPE_DEFINITION_REPRESENTATION ( #1287, #777 ) ;
#593 = ORIENTED_EDGE ( 'NONE', *, *, #1133, .T. ) ;
#594 =( LENGTH_UNIT ( ) NAMED_UNIT ( * ) SI_UNIT ( .MILLI., .METRE. ) );
#595 = CARTESIAN_POINT ( 'NONE',  ( 0.3049999999999999933, 3.160000000000000142, 0.7500000000000000000 ) ) ;
#596 = CARTESIAN_POINT ( 'NONE',  ( 0.9499999999999998446, 3.160000000000000142, -2.879999999999999893 ) ) ;
#597 = ADVANCED_FACE ( 'NONE', ( #1229 ), #1827, .F. ) ;
#598 = FACE_OUTER_BOUND ( 'NONE', #962, .T. ) ;
#599 = EDGE_CURVE ( 'NONE', #1477, #367, #1479, .T. ) ;
#600 = ORIENTED_EDGE ( 'NONE', *, *, #1690, .F. ) ;
#601 = DIRECTION ( 'NONE',  ( 1.000000000000000000, 0.000000000000000000, -0.000000000000000000 ) ) ;
#602 = ORIENTED_EDGE ( 'NONE', *, *, #1298, .T. ) ;
#603 = ORIENTED_EDGE ( 'NONE', *, *, #1497, .T. ) ;
#604 = SURFACE_STYLE_FILL_AREA ( #873 ) ;
#605 = LINE ( 'NONE', #1343, #393 ) ;
#606 = DIRECTION ( 'NONE',  ( 0.000000000000000000, 1.000000000000000000, -0.000000000000000000 ) ) ;
#607 = DIRECTION ( 'NONE',  ( 1.000000000000000000, 0.000000000000000000, 0.000000000000000000 ) ) ;
#608 = EDGE_CURVE ( 'NONE', #1477, #1410, #1417, .T. ) ;
#609 = VECTOR ( 'NONE', #1694, 1000.000000000000000 ) ;
#610 = ORIENTED_EDGE ( 'NONE', *, *, #1354, .F. ) ;
#611 = LINE ( 'NONE', #782, #910 ) ;
#612 = AXIS2_PLACEMENT_3D ( 'NONE', #552, #1722, #214 ) ;
#613 = EDGE_CURVE ( 'NONE', #31, #1204, #212, .T. ) ;
#614 = ORIENTED_EDGE ( 'NONE', *, *, #1141, .T. ) ;
#615 = ORIENTED_EDGE ( 'NONE', *, *, #511, .T. ) ;
#616 = DIRECTION ( 'NONE',  ( -0.000000000000000000, 1.000000000000000000, 0.000000000000000000 ) ) ;
#617 = CARTESIAN_POINT ( 'NONE',  ( 1.389999999999999902, 10.66000000000000014, -0.3199999999999999512 ) ) ;
#618 = DIRECTION ( 'NONE',  ( -0.000000000000000000, 1.000000000000000000, 0.000000000000000000 ) ) ;
#619 = VECTOR ( 'NONE', #1702, 1000.000000000000114 ) ;
#620 = ORIENTED_EDGE ( 'NONE', *, *, #308, .F. ) ;
#621 = VECTOR ( 'NONE', #1333, 1000.000000000000000 ) ;
#622 = CARTESIAN_POINT ( 'NONE',  ( -1.590000000000000080, 1.580000000000000071, 0.3200000000000000067 ) ) ;
#623 = ORIENTED_EDGE ( 'NONE', *, *, #388, .F. ) ;
#624 = VECTOR ( 'NONE', #321, 1000.000000000000000 ) ;
#625 = ORIENTED_EDGE ( 'NONE', *, *, #397, .F. ) ;
#626 = EDGE_CURVE ( 'NONE', #1388, #979, #988, .T. ) ;
#627 = DIRECTION ( 'NONE',  ( 0.000000000000000000, -1.000000000000000000, 0.000000000000000000 ) ) ;
#628 = DIRECTION ( 'NONE',  ( 0.3481553119113938721, -0.8703882797784960879, -0.3481553119113802719 ) ) ;
#629 = DIRECTION ( 'NONE',  ( -0.3481553119113945383, 0.8703882797784957548, -0.3481553119113802164 ) ) ;
#630 = DIRECTION ( 'NONE',  ( 0.000000000000000000, -0.7071067811865475727, 0.7071067811865475727 ) ) ;
#631 = CARTESIAN_POINT ( 'NONE',  ( -2.540000000000000036, 0.000000000000000000, -2.879999999999999893 ) ) ;
#632 = ORIENTED_EDGE ( 'NONE', *, *, #1839, .F. ) ;
#633 = VERTEX_POINT ( 'NONE', #241 ) ;
#634 = CARTESIAN_POINT ( 'NONE',  ( -0.4299999999999999933, 0.000000000000000000, 2.919999999999999929 ) ) ;
#635 = EDGE_CURVE ( 'NONE', #1397, #1477, #937, .T. ) ;
#636 = CARTESIAN_POINT ( 'NONE',  ( -1.590000000000000080, 3.159999999999999698, 0.3200000000000000067 ) ) ;
#637 = FACE_OUTER_BOUND ( 'NONE', #1544, .T. ) ;
#638 = LINE ( 'NONE', #22, #1251 ) ;
#639 = VECTOR ( 'NONE', #1285, 1000.000000000000000 ) ;
#640 = LINE ( 'NONE', #496, #1123 ) ;
#641 = ORIENTED_EDGE ( 'NONE', *, *, #1086, .F. ) ;
#642 = CARTESIAN_POINT ( 'NONE',  ( 1.149999999999995026, 10.66000000000000192, -0.1199999999999999678 ) ) ;
#643 = DIRECTION ( 'NONE',  ( 0.9284766908852659650, -0.3713906763540870126, 0.000000000000000000 ) ) ;
#644 = FACE_OUTER_BOUND ( 'NONE', #1409, .T. ) ;
#645 = EDGE_CURVE ( 'NONE', #728, #889, #659, .T. ) ;
#646 = CARTESIAN_POINT ( 'NONE',  ( -0.3049999999999999933, 3.160000000000000142, 0.7500000000000000000 ) ) ;
#647 = VECTOR ( 'NONE', #814, 1000.000000000000000 ) ;
#648 = LINE ( 'NONE', #116, #1189 ) ;
#649 = VECTOR ( 'NONE', #1474, 1000.000000000000000 ) ;
#650 = VERTEX_POINT ( 'NONE', #1530 ) ;
#651 = AXIS2_PLACEMENT_3D ( 'NONE', #312, #943, #1671 ) ;
#652 = CARTESIAN_POINT ( 'NONE',  ( -1.590000000000000080, 0.6399999999999999023, -0.3199999999999999512 ) ) ;
#653 = FACE_OUTER_BOUND ( 'NONE', #1367, .T. ) ;
#654 = ORIENTED_EDGE ( 'NONE', *, *, #278, .T. ) ;
#655 = CARTESIAN_POINT ( 'NONE',  ( 1.390000000000004565, -3.560000000000001386, -0.1199999999999999678 ) ) ;
#656 = DIRECTION ( 'NONE',  ( 0.000000000000000000, -0.9284766908852659650, -0.3713906763540870126 ) ) ;
#657 = ORIENTED_EDGE ( 'NONE', *, *, #1250, .F. ) ;
#658 = EDGE_LOOP ( 'NONE', ( #274, #1950, #163, #730 ) ) ;
#659 = LINE ( 'NONE', #327, #177 ) ;
#660 = CARTESIAN_POINT ( 'NONE',  ( 1.269999999999995577, 10.94999999999999751, -1.879999999999999893 ) ) ;
#661 = DIRECTION ( 'NONE',  ( 0.000000000000000000, 0.000000000000000000, -1.000000000000000000 ) ) ;
#662 = VERTEX_POINT ( 'NONE', #1117 ) ;
#663 = LINE ( 'NONE', #472, #1422 ) ;
#664 = FACE_OUTER_BOUND ( 'NONE', #1738, .T. ) ;
#665 = APPLICATION_CONTEXT ( 'automotive_design' ) ;
#666 = ORIENTED_EDGE ( 'NONE', *, *, #1141, .F. ) ;
#667 = CARTESIAN_POINT ( 'NONE',  ( -0.9499999999999998446, 3.160000000000000142, 0.3199999999999999512 ) ) ;
#668 = ADVANCED_FACE ( 'NONE', ( #839 ), #180, .F. ) ;
#669 = CARTESIAN_POINT ( 'NONE',  ( -2.109999999999999876, 0.000000000000000000, -2.879999999999999893 ) ) ;
#670 = VECTOR ( 'NONE', #1374, 1000.000000000000227 ) ;
#671 = CARTESIAN_POINT ( 'NONE',  ( -1.390000000000002345, -3.560000000000002274, 0.1199999999999933203 ) ) ;
#672 = AXIS2_PLACEMENT_3D ( 'NONE', #400, #1146, #90 ) ;
#673 = DIRECTION ( 'NONE',  ( -0.000000000000000000, -0.000000000000000000, 1.000000000000000000 ) ) ;
#674 = PLANE ( 'NONE',  #1653 ) ;
#675 = ORIENTED_EDGE ( 'NONE', *, *, #887, .F. ) ;
#676 = DIRECTION ( 'NONE',  ( 0.3481553119113967032, -0.8703882797784950887, -0.3481553119113798833 ) ) ;
#677 = LINE ( 'NONE', #490, #333 ) ;
#678 = VECTOR ( 'NONE', #1291, 1000.000000000000000 ) ;
#679 = CARTESIAN_POINT ( 'NONE',  ( -1.590000000000000080, 3.159999999999999698, 0.3199999999999999512 ) ) ;
#680 = ADVANCED_FACE ( 'NONE', ( #788 ), #1720, .F. ) ;
#681 = ORIENTED_EDGE ( 'NONE', *, *, #188, .T. ) ;
#682 = VECTOR ( 'NONE', #821, 1000.000000000000000 ) ;
#683 = CARTESIAN_POINT ( 'NONE',  ( 1.270000000000000018, 1.580000000000000071, 0.02000000000000005246 ) ) ;
#684 = VECTOR ( 'NONE', #798, 1000.000000000000000 ) ;
#685 = EDGE_CURVE ( 'NONE', #1938, #889, #1249, .T. ) ;
#686 = CARTESIAN_POINT ( 'NONE',  ( 0.9970223243002999114, 11.69999999999999929, -2.879999999999999893 ) ) ;
#687 = LINE ( 'NONE', #1171, #1222 ) ;
#688 = PRODUCT ( '0022272021', '0022272021', '', ( #1912 ) ) ;
#689 = ORIENTED_EDGE ( 'NONE', *, *, #1426, .T. ) ;
#690 = CARTESIAN_POINT ( 'NONE',  ( -1.270000000000000018, 3.760000000000000231, -1.280000000000000027 ) ) ;
#691 = DIRECTION ( 'NONE',  ( -0.000000000000000000, -1.000000000000000000, -0.000000000000000000 ) ) ;
#692 = DIRECTION ( 'NONE',  ( 0.000000000000000000, -0.8660254037844288266, 0.5000000000000169864 ) ) ;
#693 = ORIENTED_EDGE ( 'NONE', *, *, #15, .F. ) ;
#694 = EDGE_CURVE ( 'NONE', #1389, #110, #1425, .T. ) ;
#695 = LINE ( 'NONE', #224, #1520 ) ;
#696 = CARTESIAN_POINT ( 'NONE',  ( -1.149999999999999911, -3.560000000000004938, 0.1200000000000031181 ) ) ;
#697 = EDGE_CURVE ( 'NONE', #303, #40, #700, .T. ) ;
#698 = CARTESIAN_POINT ( 'NONE',  ( 1.270000000000000684, 7.897986928012000085, -1.879999999999999671 ) ) ;
#699 = ORIENTED_EDGE ( 'NONE', *, *, #411, .T. ) ;
#700 = LINE ( 'NONE', #358, #425 ) ;
#701 = VERTEX_POINT ( 'NONE', #1564 ) ;
#702 = CARTESIAN_POINT ( 'NONE',  ( 2.109999999999999876, 0.000000000000000000, -2.879999999999999893 ) ) ;
#703 = ORIENTED_EDGE ( 'NONE', *, *, #1725, .F. ) ;
#704 =( GEOMETRIC_REPRESENTATION_CONTEXT ( 3 ) GLOBAL_UNCERTAINTY_ASSIGNED_CONTEXT ( ( #940 ) ) GLOBAL_UNIT_ASSIGNED_CONTEXT ( ( #594, #1628, #882 ) ) REPRESENTATION_CONTEXT ( 'NONE', 'WORKASPACE' ) );
#705 = DIRECTION ( 'NONE',  ( -0.000000000000000000, 1.000000000000000000, -0.000000000000000000 ) ) ;
#706 = LINE ( 'NONE', #228, #524 ) ;
#707 = EDGE_CURVE ( 'NONE', #185, #31, #1290, .T. ) ;
#708 = ORIENTED_EDGE ( 'NONE', *, *, #1260, .T. ) ;
#709 = LINE ( 'NONE', #1173, #1342 ) ;
#710 = EDGE_LOOP ( 'NONE', ( #1226, #593, #1091, #1108 ) ) ;
#711 = PLANE ( 'NONE',  #895 ) ;
#712 = ORIENTED_EDGE ( 'NONE', *, *, #231, .F. ) ;
#713 = VECTOR ( 'NONE', #1503, 1000.000000000000227 ) ;
#714 = LINE ( 'NONE', #73, #639 ) ;
#715 = VECTOR ( 'NONE', #1610, 1000.000000000000000 ) ;
#716 = DIRECTION ( 'NONE',  ( -0.000000000000000000, -0.000000000000000000, 1.000000000000000000 ) ) ;
#717 = VECTOR ( 'NONE', #606, 1000.000000000000000 ) ;
#718 = LINE ( 'NONE', #1016, #946 ) ;
#719 = ORIENTED_EDGE ( 'NONE', *, *, #1369, .T. ) ;
#720 = LINE ( 'NONE', #1320, #75 ) ;
#721 = EDGE_CURVE ( 'NONE', #1166, #201, #1580, .T. ) ;
#722 = VERTEX_POINT ( 'NONE', #60 ) ;
#723 =( NAMED_UNIT ( * ) SI_UNIT ( $, .STERADIAN. ) SOLID_ANGLE_UNIT ( ) );
#724 = ORIENTED_EDGE ( 'NONE', *, *, #1581, .T. ) ;
#725 = PRESENTATION_STYLE_ASSIGNMENT (( #449 ) ) ;
#726 = DIRECTION ( 'NONE',  ( 0.000000000000000000, 0.000000000000000000, -1.000000000000000000 ) ) ;
#727 = DIRECTION ( 'NONE',  ( 0.000000000000000000, -0.000000000000000000, -1.000000000000000000 ) ) ;
#728 = VERTEX_POINT ( 'NONE', #1136 ) ;
#729 = CARTESIAN_POINT ( 'NONE',  ( 2.109999999999999432, 0.000000000000000000, 2.919999999999999929 ) ) ;
#730 = ORIENTED_EDGE ( 'NONE', *, *, #247, .F. ) ;
#731 = ORIENTED_EDGE ( 'NONE', *, *, #1188, .T. ) ;
#732 = EDGE_CURVE ( 'NONE', #51, #1654, #997, .T. ) ;
#733 = PLANE ( 'NONE',  #1087 ) ;
#734 = DIRECTION ( 'NONE',  ( -0.000000000000000000, -1.000000000000000000, -0.000000000000000000 ) ) ;
#735 = COLOUR_RGB ( '',0.7921568627450980005, 0.8196078431372548767, 0.9333333333333333481 ) ;
#736 = CARTESIAN_POINT ( 'NONE',  ( -0.3049999999999999933, 3.160000000000000142, 0.7500000000000000000 ) ) ;
#737 = VECTOR ( 'NONE', #1685, 1000.000000000000000 ) ;
#738 = ORIENTED_EDGE ( 'NONE', *, *, #957, .T. ) ;
#739 = LINE ( 'NONE', #859, #1590 ) ;
#740 = VERTEX_POINT ( 'NONE', #667 ) ;
#741 = VERTEX_POINT ( 'NONE', #1272 ) ;
#742 = EDGE_CURVE ( 'NONE', #117, #1204, #1867, .T. ) ;
#743 =( LENGTH_UNIT ( ) NAMED_UNIT ( * ) SI_UNIT ( .MILLI., .METRE. ) );
#744 = CARTESIAN_POINT ( 'NONE',  ( 2.109999999999999876, 0.000000000000000000, 2.919999999999999929 ) ) ;
#745 = VECTOR ( 'NONE', #356, 1000.000000000000000 ) ;
#746 = EDGE_CURVE ( 'NONE', #1691, #1308, #1728, .T. ) ;
#747 = DIRECTION ( 'NONE',  ( 1.000000000000000000, 0.000000000000000000, -0.000000000000000000 ) ) ;
#748 = AXIS2_PLACEMENT_3D ( 'NONE', #1045, #756, #1818 ) ;
#749 = PLANE ( 'NONE',  #1905 ) ;
#750 = ORIENTED_EDGE ( 'NONE', *, *, #1510, .F. ) ;
#751 = FACE_OUTER_BOUND ( 'NONE', #52, .T. ) ;
#752 = ORIENTED_EDGE ( 'NONE', *, *, #904, .T. ) ;
#753 = FILL_AREA_STYLE ('',( #1507 ) ) ;
#754 = ORIENTED_EDGE ( 'NONE', *, *, #805, .T. ) ;
#755 = DIRECTION ( 'NONE',  ( -0.3713906763540870126, -0.9284766908852659650, 0.000000000000000000 ) ) ;
#756 = DIRECTION ( 'NONE',  ( -1.000000000000000000, 0.000000000000000000, 0.000000000000000000 ) ) ;
#757 = DIRECTION ( 'NONE',  ( -0.000000000000000000, 1.000000000000000000, -0.000000000000000000 ) ) ;
#758 = DIRECTION ( 'NONE',  ( 0.000000000000000000, 0.3713906763540870126, -0.9284766908852659650 ) ) ;
#759 = ADVANCED_FACE ( 'NONE', ( #220 ), #1435, .T. ) ;
#760 = VERTEX_POINT ( 'NONE', #68 ) ;
#761 = DIRECTION ( 'NONE',  ( 1.000000000000000000, -0.000000000000000000, 0.000000000000000000 ) ) ;
#762 = ORIENTED_EDGE ( 'NONE', *, *, #571, .T. ) ;
#763 = ORIENTED_EDGE ( 'NONE', *, *, #944, .T. ) ;
#764 = DIRECTION ( 'NONE',  ( 0.000000000000000000, -1.000000000000000000, -0.000000000000000000 ) ) ;
#765 = CARTESIAN_POINT ( 'NONE',  ( -2.540000000000000036, 0.000000000000000000, -2.879999999999999893 ) ) ;
#766 = LINE ( 'NONE', #617, #179 ) ;
#767 = CARTESIAN_POINT ( 'NONE',  ( 0.9499999999999999556, -3.559999999999999609, -0.1199999999999999400 ) ) ;
#768 = VECTOR ( 'NONE', #555, 1000.000000000000000 ) ;
#769 = EDGE_CURVE ( 'NONE', #537, #551, #79, .T. ) ;
#770 = ORIENTED_EDGE ( 'NONE', *, *, #1392, .T. ) ;
#771 = CARTESIAN_POINT ( 'NONE',  ( 0.4299999999999998823, 0.000000000000000000, -2.879999999999999893 ) ) ;
#772 = VECTOR ( 'NONE', #1869, 1000.000000000000000 ) ;
#773 = ORIENTED_EDGE ( 'NONE', *, *, #130, .F. ) ;
#774 = ORIENTED_EDGE ( 'NONE', *, *, #1946, .T. ) ;
#775 = LINE ( 'NONE', #642, #352 ) ;
#776 = CARTESIAN_POINT ( 'NONE',  ( 0.9499999999999999556, -3.059999999999998277, 0.3199999999999952882 ) ) ;
#777 = ADVANCED_BREP_SHAPE_REPRESENTATION ( '0022272021', ( #1695, #1688, #385, #477 ), #1178 ) ;
#778 = CARTESIAN_POINT ( 'NONE',  ( -2.540000000000000036, 3.160000000000000142, -2.879999999999999893 ) ) ;
#779 = CARTESIAN_POINT ( 'NONE',  ( 1.270000000000000018, 3.760000000000000231, -1.880000000000000115 ) ) ;
#780 = AXIS2_PLACEMENT_3D ( 'NONE', #1582, #194, #232 ) ;
#781 = VECTOR ( 'NONE', #734, 1000.000000000000000 ) ;
#782 = CARTESIAN_POINT ( 'NONE',  ( -1.149999999999999911, 10.66000000000000014, -0.3199999999999999512 ) ) ;
#783 = ORIENTED_EDGE ( 'NONE', *, *, #1133, .F. ) ;
#784 = AXIS2_PLACEMENT_3D ( 'NONE', #1745, #395, #1006 ) ;
#785 = EDGE_LOOP ( 'NONE', ( #1777, #858, #128, #1254 ) ) ;
#786 = EDGE_CURVE ( 'NONE', #120, #99, #720, .T. ) ;
#787 = LINE ( 'NONE', #1862, #1772 ) ;
#788 = FACE_OUTER_BOUND ( 'NONE', #1889, .T. ) ;
#789 = LINE ( 'NONE', #1104, #1176 ) ;
#790 = PLANE ( 'NONE',  #1403 ) ;
#791 = CARTESIAN_POINT ( 'NONE',  ( -1.270000000000000018, 10.94999999999999929, -1.879999999999999893 ) ) ;
#792 = VERTEX_POINT ( 'NONE', #869 ) ;
#793 = ORIENTED_EDGE ( 'NONE', *, *, #817, .T. ) ;
#794 = CARTESIAN_POINT ( 'NONE',  ( -1.590000000000000080, -3.059999999999998277, 0.3199999999999952882 ) ) ;
#795 = EDGE_CURVE ( 'NONE', #23, #120, #1452, .T. ) ;
#796 = CARTESIAN_POINT ( 'NONE',  ( -2.540000000000000036, 3.160000000000000142, -2.879999999999999893 ) ) ;
#797 = LINE ( 'NONE', #1414, #745 ) ;
#798 = DIRECTION ( 'NONE',  ( 1.000000000000000000, 0.000000000000000000, 0.000000000000000000 ) ) ;
#799 = VECTOR ( 'NONE', #705, 1000.000000000000000 ) ;
#800 = ORIENTED_EDGE ( 'NONE', *, *, #978, .F. ) ;
#801 = AXIS2_PLACEMENT_3D ( 'NONE', #1900, #831, #692 ) ;
#802 = ORIENTED_EDGE ( 'NONE', *, *, #548, .F. ) ;
#803 = CARTESIAN_POINT ( 'NONE',  ( 1.270000000000000240, 6.980000000000033289, -1.349999999999941913 ) ) ;
#804 = CARTESIAN_POINT ( 'NONE',  ( 1.270000000000000018, 10.66000000000000192, -0.1200000000000050887 ) ) ;
#805 = EDGE_CURVE ( 'NONE', #1174, #662, #118, .T. ) ;
#806 = PLANE ( 'NONE',  #1864 ) ;
#807 = PLANE ( 'NONE',  #554 ) ;
#808 = EDGE_CURVE ( 'NONE', #51, #740, #1601, .T. ) ;
#809 = VECTOR ( 'NONE', #1137, 1000.000000000000000 ) ;
#810 = ORIENTED_EDGE ( 'NONE', *, *, #1075, .T. ) ;
#811 = AXIS2_PLACEMENT_3D ( 'NONE', #285, #892, #1932 ) ;
#812 = ORIENTED_EDGE ( 'NONE', *, *, #1332, .F. ) ;
#813 = VECTOR ( 'NONE', #1659, 1000.000000000000000 ) ;
#814 = DIRECTION ( 'NONE',  ( 0.000000000000000000, -0.000000000000000000, -1.000000000000000000 ) ) ;
#815 = CARTESIAN_POINT ( 'NONE',  ( -2.540000000000000036, 0.000000000000000000, 2.919999999999999929 ) ) ;
#816 = FACE_OUTER_BOUND ( 'NONE', #710, .T. ) ;
#817 = EDGE_CURVE ( 'NONE', #1941, #1052, #1937, .T. ) ;
#818 = CARTESIAN_POINT ( 'NONE',  ( 1.270000000000000018, 10.41000000000000014, -0.2199999999999999456 ) ) ;
#819 = ADVANCED_FACE ( 'NONE', ( #261 ), #1328, .T. ) ;
#820 = ORIENTED_EDGE ( 'NONE', *, *, #742, .F. ) ;
#821 = DIRECTION ( 'NONE',  ( -0.000000000000000000, -0.000000000000000000, 1.000000000000000000 ) ) ;
#822 = CARTESIAN_POINT ( 'NONE',  ( -0.9500000000000000666, 0.6400000000000001243, 0.3199999999999999512 ) ) ;
#823 = FACE_OUTER_BOUND ( 'NONE', #11, .T. ) ;
#824 = DIRECTION ( 'NONE',  ( 0.000000000000000000, -0.9284766908852659650, 0.3713906763540870126 ) ) ;
#825 = DIRECTION ( 'NONE',  ( 1.000000000000000000, 0.000000000000000000, -0.000000000000000000 ) ) ;
#826 = EDGE_CURVE ( 'NONE', #185, #1467, #407, .T. ) ;
#827 = VERTEX_POINT ( 'NONE', #1482 ) ;
#828 = DIRECTION ( 'NONE',  ( 1.000000000000000000, 0.000000000000000000, 0.000000000000000000 ) ) ;
#829 = DIRECTION ( 'NONE',  ( 0.000000000000000000, 0.9284766908852659650, -0.3713906763540870126 ) ) ;
#830 = VECTOR ( 'NONE', #102, 1000.000000000000000 ) ;
#831 = DIRECTION ( 'NONE',  ( -0.000000000000000000, 0.5000000000000169864, 0.8660254037844288266 ) ) ;
#832 = ORIENTED_EDGE ( 'NONE', *, *, #1321, .T. ) ;
#833 = CARTESIAN_POINT ( 'NONE',  ( 0.9499999999999999556, -3.060000000000000053, -0.3199999999999999512 ) ) ;
#834 = CARTESIAN_POINT ( 'NONE',  ( 1.270000000000000018, 3.160000000000000142, 0.02000000000000005246 ) ) ;
#835 = UNCERTAINTY_MEASURE_WITH_UNIT (LENGTH_MEASURE( 1.000000000000000082E-05 ), #1001, 'distance_accuracy_value', 'NONE');
#836 = CARTESIAN_POINT ( 'NONE',  ( -0.9970223243003001334, 11.69999999999999929, -2.879999999999999893 ) ) ;
#837 = ORIENTED_EDGE ( 'NONE', *, *, #1920, .T. ) ;
#838 = ADVANCED_FACE ( 'NONE', ( #751 ), #1182, .F. ) ;
#839 = FACE_OUTER_BOUND ( 'NONE', #1913, .T. ) ;
#840 = FACE_OUTER_BOUND ( 'NONE', #97, .T. ) ;
#841 = VECTOR ( 'NONE', #1861, 1000.000000000000000 ) ;
#842 = DIRECTION ( 'NONE',  ( 0.3420201433257225032, -0.9396926207858888880, 0.000000000000000000 ) ) ;
#843 = EDGE_LOOP ( 'NONE', ( #516, #1491, #1901, #1504 ) ) ;
#844 = EDGE_CURVE ( 'NONE', #1759, #1579, #709, .T. ) ;
#845 = VECTOR ( 'NONE', #1187, 1000.000000000000000 ) ;
#846 = CARTESIAN_POINT ( 'NONE',  ( 2.540000000000000036, 3.160000000000000142, 0.02000000000000005246 ) ) ;
#847 = CARTESIAN_POINT ( 'NONE',  ( 1.590000000000000080, 0.6400000000000000133, 0.02000000000000005246 ) ) ;
#848 = DIRECTION ( 'NONE',  ( -0.000000000000000000, 0.000000000000000000, -1.000000000000000000 ) ) ;
#849 = ORIENTED_EDGE ( 'NONE', *, *, #511, .F. ) ;
#850 = CARTESIAN_POINT ( 'NONE',  ( -1.270000000000000018, 1.580000000000000071, 0.02000000000000005246 ) ) ;
#851 = EDGE_LOOP ( 'NONE', ( #436, #1242, #288, #389 ) ) ;
#852 = CARTESIAN_POINT ( 'NONE',  ( -1.589999999999998970, -3.059999999999998277, -0.3199999999999975642 ) ) ;
#853 = EDGE_LOOP ( 'NONE', ( #708, #250, #1891, #320 ) ) ;
#854 = EDGE_CURVE ( 'NONE', #275, #303, #1310, .T. ) ;
#855 = CARTESIAN_POINT ( 'NONE',  ( -0.4299999999999999378, 0.6400000000000000133, -2.879999999999999893 ) ) ;
#856 = DIRECTION ( 'NONE',  ( 1.000000000000000000, 0.000000000000000000, 0.000000000000000000 ) ) ;
#857 = DIRECTION ( 'NONE',  ( 0.000000000000000000, -0.000000000000000000, 1.000000000000000000 ) ) ;
#858 = ORIENTED_EDGE ( 'NONE', *, *, #1168, .T. ) ;
#859 = CARTESIAN_POINT ( 'NONE',  ( -1.270000000000000018, 0.000000000000000000, -2.879999999999999893 ) ) ;
#860 = ORIENTED_EDGE ( 'NONE', *, *, #1581, .F. ) ;
#861 = DIRECTION ( 'NONE',  ( -0.000000000000000000, 1.000000000000000000, 0.000000000000000000 ) ) ;
#862 = ORIENTED_EDGE ( 'NONE', *, *, #1486, .T. ) ;
#863 = VECTOR ( 'NONE', #1539, 1000.000000000000000 ) ;
#864 = CARTESIAN_POINT ( 'NONE',  ( 0.9499999999999999556, 3.159999999999999698, 0.3200000000000000067 ) ) ;
#865 = DIRECTION ( 'NONE',  ( 0.000000000000000000, 0.000000000000000000, 1.000000000000000000 ) ) ;
#866 = PRODUCT_RELATED_PRODUCT_CATEGORY ( 'part', '', ( #688 ) ) ;
#867 = DIRECTION ( 'NONE',  ( 0.000000000000000000, -0.000000000000000000, 1.000000000000000000 ) ) ;
#868 = ORIENTED_EDGE ( 'NONE', *, *, #1381, .F. ) ;
#869 = CARTESIAN_POINT ( 'NONE',  ( 1.149999999999997913, -3.560000000000002274, 0.1199999999999933203 ) ) ;
#870 = ORIENTED_EDGE ( 'NONE', *, *, #1048, .T. ) ;
#871 =( NAMED_UNIT ( * ) PLANE_ANGLE_UNIT ( ) SI_UNIT ( $, .RADIAN. ) );
#872 = ORIENTED_EDGE ( 'NONE', *, *, #854, .T. ) ;
#873 = FILL_AREA_STYLE ('',( #1794 ) ) ;
#874 = VECTOR ( 'NONE', #1710, 1000.000000000000000 ) ;
#875 = AXIS2_PLACEMENT_3D ( 'NONE', #414, #535, #857 ) ;
#876 = LINE ( 'NONE', #836, #394 ) ;
#877 = ADVANCED_FACE ( 'NONE', ( #1769 ), #1750, .F. ) ;
#878 = VERTEX_POINT ( 'NONE', #428 ) ;
#879 = CARTESIAN_POINT ( 'NONE',  ( -2.540000000000000036, 11.69999999999999929, -2.879999999999999893 ) ) ;
#880 = EDGE_LOOP ( 'NONE', ( #1323, #41, #666, #386 ) ) ;
#881 = ORIENTED_EDGE ( 'NONE', *, *, #1321, .F. ) ;
#882 =( NAMED_UNIT ( * ) SI_UNIT ( $, .STERADIAN. ) SOLID_ANGLE_UNIT ( ) );
#883 = DIRECTION ( 'NONE',  ( 0.3420201433256990775, 0.9396926207858972147, 0.000000000000000000 ) ) ;
#884 = CARTESIAN_POINT ( 'NONE',  ( 0.3049999999999999933, 3.160000000000000142, -0.7500000000000000000 ) ) ;
#885 = ORIENTED_EDGE ( 'NONE', *, *, #1690, .T. ) ;
#886 = CARTESIAN_POINT ( 'NONE',  ( -0.3049999999999999933, 0.000000000000000000, -0.7500000000000000000 ) ) ;
#887 = EDGE_CURVE ( 'NONE', #1719, #1158, #739, .T. ) ;
#888 = ORIENTED_EDGE ( 'NONE', *, *, #599, .T. ) ;
#889 = VERTEX_POINT ( 'NONE', #1641 ) ;
#890 = EDGE_CURVE ( 'NONE', #1632, #131, #98, .T. ) ;
#891 = FILL_AREA_STYLE_COLOUR ( '', #415 ) ;
#892 = DIRECTION ( 'NONE',  ( -1.000000000000000000, 0.000000000000000000, 0.000000000000000000 ) ) ;
#893 = AXIS2_PLACEMENT_3D ( 'NONE', #683, #565, #1169 ) ;
#894 = CARTESIAN_POINT ( 'NONE',  ( 1.589999999999999858, 0.6399999999999999023, 0.3199999999999999512 ) ) ;
#895 = AXIS2_PLACEMENT_3D ( 'NONE', #1157, #982, #1292 ) ;
#896 = LINE ( 'NONE', #1209, #1340 ) ;
#897 = ORIENTED_EDGE ( 'NONE', *, *, #247, .T. ) ;
#898 = DIRECTION ( 'NONE',  ( 1.000000000000000000, -0.000000000000000000, 0.000000000000000000 ) ) ;
#899 = ORIENTED_EDGE ( 'NONE', *, *, #424, .F. ) ;
#900 = DIRECTION ( 'NONE',  ( 1.000000000000000000, 0.000000000000000000, 0.000000000000000000 ) ) ;
#901 = EDGE_CURVE ( 'NONE', #1759, #1020, #561, .T. ) ;
#902 = ORIENTED_EDGE ( 'NONE', *, *, #1354, .T. ) ;
#903 = PLANE ( 'NONE',  #323 ) ;
#904 = EDGE_CURVE ( 'NONE', #419, #396, #289, .T. ) ;
#905 = LINE ( 'NONE', #595, #489 ) ;
#906 = VECTOR ( 'NONE', #1113, 1000.000000000000000 ) ;
#907 = DIRECTION ( 'NONE',  ( 1.000000000000000000, 0.000000000000000000, -0.000000000000000000 ) ) ;
#908 = VECTOR ( 'NONE', #1018, 1000.000000000000000 ) ;
#909 = DIRECTION ( 'NONE',  ( 1.000000000000000000, 0.000000000000000000, -0.000000000000000000 ) ) ;
#910 = VECTOR ( 'NONE', #302, 1000.000000000000000 ) ;
#911 = VERTEX_POINT ( 'NONE', #1008 ) ;
#912 = CARTESIAN_POINT ( 'NONE',  ( -1.270000000000000018, -3.309999999999999609, 0.2200000000000000566 ) ) ;
#913 = EDGE_LOOP ( 'NONE', ( #1401, #1623, #1591, #693 ) ) ;
#914 = ORIENTED_EDGE ( 'NONE', *, *, #694, .T. ) ;
#915 = CARTESIAN_POINT ( 'NONE',  ( 2.109999999999999876, 0.000000000000000000, 2.919999999999999929 ) ) ;
#916 = CARTESIAN_POINT ( 'NONE',  ( 0.9499999999999999556, -3.559999999999999609, -0.3199999999999999512 ) ) ;
#917 = ADVANCED_FACE ( 'NONE', ( #1633 ), #280, .F. ) ;
#918 = DIRECTION ( 'NONE',  ( 0.000000000000000000, 0.9284766908852659650, -0.3713906763540870126 ) ) ;
#919 = LINE ( 'NONE', #1355, #1246 ) ;
#920 = EDGE_LOOP ( 'NONE', ( #1060, #279, #862, #1842, #1069, #3, #603, #1626 ) ) ;
#921 = CARTESIAN_POINT ( 'NONE',  ( 1.590000000000000080, 10.66000000000000014, 0.3200000000000000067 ) ) ;
#922 = VERTEX_POINT ( 'NONE', #1948 ) ;
#923 = ORIENTED_EDGE ( 'NONE', *, *, #887, .T. ) ;
#924 = PLANE ( 'NONE',  #578 ) ;
#925 = DIRECTION ( 'NONE',  ( -0.000000000000000000, 0.000000000000000000, 1.000000000000000000 ) ) ;
#926 = PLANE ( 'NONE',  #458 ) ;
#927 = ADVANCED_FACE ( 'NONE', ( #1378 ), #1810, .T. ) ;
#928 = CARTESIAN_POINT ( 'NONE',  ( -0.9499999999999999556, 10.15999999999999837, 0.3199999999999956213 ) ) ;
#929 = AXIS2_PLACEMENT_3D ( 'NONE', #1755, #1585, #1723 ) ;
#930 = EDGE_CURVE ( 'NONE', #701, #1158, #39, .T. ) ;
#931 = ORIENTED_EDGE ( 'NONE', *, *, #1164, .T. ) ;
#932 = FACE_OUTER_BOUND ( 'NONE', #1782, .T. ) ;
#933 = VECTOR ( 'NONE', #861, 1000.000000000000000 ) ;
#934 = VERTEX_POINT ( 'NONE', #1800 ) ;
#935 = ORIENTED_EDGE ( 'NONE', *, *, #1786, .T. ) ;
#936 = CARTESIAN_POINT ( 'NONE',  ( 0.9500000000000012879, -3.059999999999998277, -0.3199999999999975642 ) ) ;
#937 = LINE ( 'NONE', #971, #1000 ) ;
#938 = DIRECTION ( 'NONE',  ( -1.000000000000000000, 0.000000000000000000, -0.000000000000000000 ) ) ;
#939 = LINE ( 'NONE', #21, #299 ) ;
#940 = UNCERTAINTY_MEASURE_WITH_UNIT (LENGTH_MEASURE( 1.000000000000000082E-05 ), #594, 'distance_accuracy_value', 'NONE');
#941 = AXIS2_PLACEMENT_3D ( 'NONE', #652, #351, #981 ) ;
#942 = VECTOR ( 'NONE', #1126, 1000.000000000000000 ) ;
#943 = DIRECTION ( 'NONE',  ( 0.9284766908852659650, 0.3713906763540870126, 0.000000000000000000 ) ) ;
#944 = EDGE_CURVE ( 'NONE', #1314, #722, #1079, .T. ) ;
#945 = EDGE_LOOP ( 'NONE', ( #91, #1763, #703, #121 ) ) ;
#946 = VECTOR ( 'NONE', #373, 1000.000000000000000 ) ;
#947 = ORIENTED_EDGE ( 'NONE', *, *, #904, .F. ) ;
#948 = FACE_OUTER_BOUND ( 'NONE', #1508, .T. ) ;
#949 = DIRECTION ( 'NONE',  ( -0.000000000000000000, -0.000000000000000000, 1.000000000000000000 ) ) ;
#950 = CARTESIAN_POINT ( 'NONE',  ( 1.389999999999999902, -3.559999999999999609, 0.3200000000000000067 ) ) ;
#951 = CARTESIAN_POINT ( 'NONE',  ( -1.390000000000005231, 10.66000000000000192, 5.082197683525802034E-17 ) ) ;
#952 = ORIENTED_EDGE ( 'NONE', *, *, #1075, .F. ) ;
#953 = VERTEX_POINT ( 'NONE', #1202 ) ;
#954 = ADVANCED_FACE ( 'NONE', ( #1505 ), #1543, .T. ) ;
#955 = CARTESIAN_POINT ( 'NONE',  ( 2.540000000000000036, 3.160000000000000142, -2.879999999999999893 ) ) ;
#956 = CARTESIAN_POINT ( 'NONE',  ( -1.270000000000000018, 11.69999999999999929, -2.879999999999999893 ) ) ;
#957 = EDGE_CURVE ( 'NONE', #1337, #953, #1526, .T. ) ;
#958 = CARTESIAN_POINT ( 'NONE',  ( 1.589999999999997637, 10.16000000000000014, 0.3199999999999994515 ) ) ;
#959 = DIRECTION ( 'NONE',  ( 0.000000000000000000, -0.000000000000000000, -1.000000000000000000 ) ) ;
#960 = AXIS2_PLACEMENT_3D ( 'NONE', #196, #627, #469 ) ;
#961 = ORIENTED_EDGE ( 'NONE', *, *, #119, .T. ) ;
#962 = EDGE_LOOP ( 'NONE', ( #229, #504, #1017, #1262 ) ) ;
#963 = CARTESIAN_POINT ( 'NONE',  ( 1.149999999999999911, -3.559999999999999609, 0.3200000000000000067 ) ) ;
#964 = CARTESIAN_POINT ( 'NONE',  ( 0.3050000000000000488, 0.000000000000000000, -0.7499999999999998890 ) ) ;
#965 = EDGE_CURVE ( 'NONE', #1527, #1663, #484, .T. ) ;
#966 = DIRECTION ( 'NONE',  ( -0.000000000000000000, 0.000000000000000000, -1.000000000000000000 ) ) ;
#967 = CARTESIAN_POINT ( 'NONE',  ( -1.590000000000000080, 0.6399999999999999023, 0.3199999999999999512 ) ) ;
#968 = VECTOR ( 'NONE', #464, 1000.000000000000000 ) ;
#969 = AXIS2_PLACEMENT_3D ( 'NONE', #1336, #417, #251 ) ;
#970 = ORIENTED_EDGE ( 'NONE', *, *, #1356, .T. ) ;
#971 = CARTESIAN_POINT ( 'NONE',  ( 1.389999999999999902, 10.66000000000000192, -0.1200000000000050887 ) ) ;
#972 = VECTOR ( 'NONE', #1489, 1000.000000000000114 ) ;
#973 = FACE_OUTER_BOUND ( 'NONE', #219, .T. ) ;
#974 = LINE ( 'NONE', #1566, #772 ) ;
#975 = ORIENTED_EDGE ( 'NONE', *, *, #613, .F. ) ;
#976 = CARTESIAN_POINT ( 'NONE',  ( 0.9500000000000011768, 0.6399999999999999023, -0.3199999999999977307 ) ) ;
#977 = LINE ( 'NONE', #1248, #423 ) ;
#978 = EDGE_CURVE ( 'NONE', #1579, #1477, #638, .T. ) ;
#979 = VERTEX_POINT ( 'NONE', #456 ) ;
#980 = CARTESIAN_POINT ( 'NONE',  ( 2.109999999999999876, 0.000000000000000000, 2.919999999999999929 ) ) ;
#981 = DIRECTION ( 'NONE',  ( -1.000000000000000000, 0.000000000000000000, -0.000000000000000000 ) ) ;
#982 = DIRECTION ( 'NONE',  ( 0.000000000000000000, 0.000000000000000000, -1.000000000000000000 ) ) ;
#983 = CARTESIAN_POINT ( 'NONE',  ( -1.270000000000000018, 11.69999999999999929, -1.879999999999999893 ) ) ;
#984 = CARTESIAN_POINT ( 'NONE',  ( 1.270000000000000018, -3.309999999999999609, 0.2200000000000000566 ) ) ;
#985 = CARTESIAN_POINT ( 'NONE',  ( 1.270000000000000240, 5.450000000000000178, -1.879999999999999893 ) ) ;
#986 = EDGE_CURVE ( 'NONE', #827, #662, #1689, .T. ) ;
#987 = ORIENTED_EDGE ( 'NONE', *, *, #1130, .F. ) ;
#988 = LINE ( 'NONE', #27, #1097 ) ;
#989 = VECTOR ( 'NONE', #381, 1000.000000000000000 ) ;
#990 = CARTESIAN_POINT ( 'NONE',  ( 2.540000000000000036, 0.000000000000000000, -2.879999999999999893 ) ) ;
#991 = LINE ( 'NONE', #370, #290 ) ;
#992 = ORIENTED_EDGE ( 'NONE', *, *, #93, .F. ) ;
#993 = LINE ( 'NONE', #63, #799 ) ;
#994 = CARTESIAN_POINT ( 'NONE',  ( -0.9970223243003094593, 11.70000000000000284, -2.879999999999999893 ) ) ;
#995 = DIRECTION ( 'NONE',  ( -0.000000000000000000, 0.000000000000000000, 1.000000000000000000 ) ) ;
#996 = VERTEX_POINT ( 'NONE', #331 ) ;
#997 = LINE ( 'NONE', #376, #455 ) ;
#998 = EDGE_CURVE ( 'NONE', #1514, #349, #151, .T. ) ;
#999 = ORIENTED_EDGE ( 'NONE', *, *, #173, .T. ) ;
#1000 = VECTOR ( 'NONE', #676, 1000.000000000000000 ) ;
#1001 =( LENGTH_UNIT ( ) NAMED_UNIT ( * ) SI_UNIT ( .MILLI., .METRE. ) );
#1002 = ORIENTED_EDGE ( 'NONE', *, *, #645, .T. ) ;
#1003 = VECTOR ( 'NONE', #1822, 1000.000000000000000 ) ;
#1004 = DIRECTION ( 'NONE',  ( 1.000000000000000000, -0.000000000000000000, 0.000000000000000000 ) ) ;
#1005 = LINE ( 'NONE', #1598, #1589 ) ;
#1006 = DIRECTION ( 'NONE',  ( 0.000000000000000000, -0.000000000000000000, 1.000000000000000000 ) ) ;
#1007 = ORIENTED_EDGE ( 'NONE', *, *, #522, .F. ) ;
#1008 = CARTESIAN_POINT ( 'NONE',  ( -1.589999999999997637, -3.059999999999999165, 0.3199999999999994515 ) ) ;
#1009 = ORIENTED_EDGE ( 'NONE', *, *, #294, .T. ) ;
#1010 = FACE_OUTER_BOUND ( 'NONE', #262, .T. ) ;
#1011 = ADVANCED_FACE ( 'NONE', ( #932 ), #1059, .F. ) ;
#1012 = VERTEX_POINT ( 'NONE', #4 ) ;
#1013 = CARTESIAN_POINT ( 'NONE',  ( -0.3049999999999999933, 3.160000000000000142, 0.7500000000000000000 ) ) ;
#1014 = EDGE_CURVE ( 'NONE', #553, #254, #611, .T. ) ;
#1015 = DIRECTION ( 'NONE',  ( -0.000000000000000000, 1.000000000000000000, 0.000000000000000000 ) ) ;
#1016 = CARTESIAN_POINT ( 'NONE',  ( -2.540000000000000036, 0.000000000000000000, -2.879999999999999893 ) ) ;
#1017 = ORIENTED_EDGE ( 'NONE', *, *, #1100, .T. ) ;
#1018 = DIRECTION ( 'NONE',  ( -0.000000000000000000, -1.000000000000000000, 0.000000000000000000 ) ) ;
#1019 = MECHANICAL_DESIGN_GEOMETRIC_PRESENTATION_REPRESENTATION (  '', ( #325 ), #1613 ) ;
#1020 = VERTEX_POINT ( 'NONE', #1211 ) ;
#1021 = ORIENTED_EDGE ( 'NONE', *, *, #1548, .F. ) ;
#1022 = VECTOR ( 'NONE', #1714, 1000.000000000000000 ) ;
#1023 = CARTESIAN_POINT ( 'NONE',  ( 1.589999999999997637, -3.059999999999999165, 0.3199999999999994515 ) ) ;
#1024 = VECTOR ( 'NONE', #1119, 1000.000000000000000 ) ;
#1025 = PLANE ( 'NONE',  #1375 ) ;
#1026 = EDGE_CURVE ( 'NONE', #1640, #1410, #466, .T. ) ;
#1027 = CARTESIAN_POINT ( 'NONE',  ( -0.4299999999999998268, 0.000000000000000000, 2.919999999999999929 ) ) ;
#1028 = ORIENTED_EDGE ( 'NONE', *, *, #732, .F. ) ;
#1029 = CARTESIAN_POINT ( 'NONE',  ( -1.270000000000000018, 6.980000000000000426, -1.350000000000000089 ) ) ;
#1030 = VERTEX_POINT ( 'NONE', #631 ) ;
#1031 = SURFACE_STYLE_FILL_AREA ( #753 ) ;
#1032 = EDGE_LOOP ( 'NONE', ( #614, #1002, #999, #87 ) ) ;
#1033 = VECTOR ( 'NONE', #1404, 1000.000000000000114 ) ;
#1034 = VECTOR ( 'NONE', #440, 1000.000000000000000 ) ;
#1035 = CARTESIAN_POINT ( 'NONE',  ( -1.270000000000000018, -3.560000000000004938, 0.1200000000000031181 ) ) ;
#1036 = VECTOR ( 'NONE', #757, 1000.000000000000000 ) ;
#1037 = PLANE ( 'NONE',  #1577 ) ;
#1038 = EDGE_CURVE ( 'NONE', #99, #911, #474, .T. ) ;
#1039 = EDGE_CURVE ( 'NONE', #1350, #1514, #340, .T. ) ;
#1040 = ORIENTED_EDGE ( 'NONE', *, *, #1192, .F. ) ;
#1041 = DIRECTION ( 'NONE',  ( 0.000000000000000000, 1.000000000000000000, 0.000000000000000000 ) ) ;
#1042 = ORIENTED_EDGE ( 'NONE', *, *, #1130, .T. ) ;
#1043 = ORIENTED_EDGE ( 'NONE', *, *, #1240, .T. ) ;
#1044 = DIRECTION ( 'NONE',  ( 1.000000000000000000, 0.000000000000000000, -0.000000000000000000 ) ) ;
#1045 = CARTESIAN_POINT ( 'NONE',  ( -1.590000000000000080, 0.6399999999999999023, -0.3199999999999999512 ) ) ;
#1046 = LINE ( 'NONE', #736, #1817 ) ;
#1047 = DIRECTION ( 'NONE',  ( 0.000000000000000000, -0.000000000000000000, -1.000000000000000000 ) ) ;
#1048 = EDGE_CURVE ( 'NONE', #934, #1389, #1840, .T. ) ;
#1049 = ORIENTED_EDGE ( 'NONE', *, *, #278, .F. ) ;
#1050 = DIRECTION ( 'NONE',  ( 0.000000000000000000, 0.000000000000000000, 1.000000000000000000 ) ) ;
#1051 = EDGE_CURVE ( 'NONE', #254, #1476, #1396, .T. ) ;
#1052 = VERTEX_POINT ( 'NONE', #771 ) ;
#1053 = ORIENTED_EDGE ( 'NONE', *, *, #584, .T. ) ;
#1054 = DIRECTION ( 'NONE',  ( -0.000000000000000000, 0.3713906763540870126, 0.9284766908852659650 ) ) ;
#1055 = VECTOR ( 'NONE', #764, 1000.000000000000000 ) ;
#1056 = CARTESIAN_POINT ( 'NONE',  ( -0.9499999999999998446, 0.6399999999999999023, -0.3199999999999999512 ) ) ;
#1057 = CARTESIAN_POINT ( 'NONE',  ( 0.9500000000000011768, 0.6399999999999999023, 0.3199999999999999512 ) ) ;
#1058 = ORIENTED_EDGE ( 'NONE', *, *, #1786, .F. ) ;
#1059 = PLANE ( 'NONE',  #1748 ) ;
#1060 = ORIENTED_EDGE ( 'NONE', *, *, #483, .T. ) ;
#1061 = ORIENTED_EDGE ( 'NONE', *, *, #1578, .F. ) ;
#1062 = ADVANCED_FACE ( 'NONE', ( #1368 ), #12, .F. ) ;
#1063 = CARTESIAN_POINT ( 'NONE',  ( -1.590000000000000080, 0.6399999999999999023, 0.3199999999999999512 ) ) ;
#1064 = PLANE ( 'NONE',  #1496 ) ;
#1065 = FACE_OUTER_BOUND ( 'NONE', #920, .T. ) ;
#1066 = VECTOR ( 'NONE', #1300, 1000.000000000000000 ) ;
#1067 = DIRECTION ( 'NONE',  ( -1.000000000000000000, 0.000000000000000000, -0.000000000000000000 ) ) ;
#1068 = VECTOR ( 'NONE', #1796, 1000.000000000000000 ) ;
#1069 = ORIENTED_EDGE ( 'NONE', *, *, #1039, .F. ) ;
#1070 = DIRECTION ( 'NONE',  ( 0.000000000000000000, 0.000000000000000000, -1.000000000000000000 ) ) ;
#1071 = ORIENTED_EDGE ( 'NONE', *, *, #808, .T. ) ;
#1072 = ORIENTED_EDGE ( 'NONE', *, *, #173, .F. ) ;
#1073 = CARTESIAN_POINT ( 'NONE',  ( -0.4299999999999999933, 0.000000000000000000, 2.919999999999999929 ) ) ;
#1074 = CARTESIAN_POINT ( 'NONE',  ( -0.9499999999999998446, 0.6399999999999999023, -0.3199999999999999512 ) ) ;
#1075 = EDGE_CURVE ( 'NONE', #878, #275, #494, .T. ) ;
#1076 = DIRECTION ( 'NONE',  ( -0.3420201433256990775, -0.9396926207858972147, -0.000000000000000000 ) ) ;
#1077 = DIRECTION ( 'NONE',  ( -0.000000000000000000, 0.000000000000000000, 1.000000000000000000 ) ) ;
#1078 = ORIENTED_EDGE ( 'NONE', *, *, #890, .T. ) ;
#1079 = LINE ( 'NONE', #1224, #684 ) ;
#1080 = ORIENTED_EDGE ( 'NONE', *, *, #108, .T. ) ;
#1081 = ORIENTED_EDGE ( 'NONE', *, *, #584, .F. ) ;
#1082 = DIRECTION ( 'NONE',  ( 0.000000000000000000, -1.000000000000000000, 0.000000000000000000 ) ) ;
#1083 = DIRECTION ( 'NONE',  ( 0.9396926207858973257, -0.3420201433256991330, 0.000000000000000000 ) ) ;
#1084 = DIRECTION ( 'NONE',  ( 0.000000000000000000, 0.000000000000000000, -1.000000000000000000 ) ) ;
#1085 = CARTESIAN_POINT ( 'NONE',  ( -1.270000000000000018, 3.760000000000000231, -1.880000000000000115 ) ) ;
#1086 = EDGE_CURVE ( 'NONE', #1476, #171, #648, .T. ) ;
#1087 = AXIS2_PLACEMENT_3D ( 'NONE', #1351, #132, #1044 ) ;
#1088 = DIRECTION ( 'NONE',  ( 0.000000000000000000, -1.000000000000000000, -0.000000000000000000 ) ) ;
#1089 = AXIS2_PLACEMENT_3D ( 'NONE', #34, #1082, #491 ) ;
#1090 = VERTEX_POINT ( 'NONE', #1318 ) ;
#1091 = ORIENTED_EDGE ( 'NONE', *, *, #1120, .T. ) ;
#1092 = PLANE ( 'NONE',  #127 ) ;
#1093 = CARTESIAN_POINT ( 'NONE',  ( -1.270000000000000018, 5.980000000000000426, -1.350000000000000089 ) ) ;
#1094 = CARTESIAN_POINT ( 'NONE',  ( -1.270000000000000018, 5.980000000000000426, -1.350000000000000089 ) ) ;
#1095 = VECTOR ( 'NONE', #1856, 1000.000000000000000 ) ;
#1096 = ADVANCED_FACE ( 'NONE', ( #104 ), #1576, .T. ) ;
#1097 = VECTOR ( 'NONE', #1593, 1000.000000000000000 ) ;
#1098 = DIRECTION ( 'NONE',  ( 0.000000000000000000, -0.9284766908852659650, -0.3713906763540870126 ) ) ;
#1099 = VERTEX_POINT ( 'NONE', #1460 ) ;
#1100 = EDGE_CURVE ( 'NONE', #551, #334, #718, .T. ) ;
#1101 = ORIENTED_EDGE ( 'NONE', *, *, #330, .F. ) ;
#1102 = LINE ( 'NONE', #990, #678 ) ;
#1103 = PLANE ( 'NONE',  #166 ) ;
#1104 = CARTESIAN_POINT ( 'NONE',  ( -2.540000000000000036, 0.000000000000000000, -2.879999999999999893 ) ) ;
#1105 = DIRECTION ( 'NONE',  ( 1.000000000000000000, 0.000000000000000000, 0.000000000000000000 ) ) ;
#1106 = DIRECTION ( 'NONE',  ( 0.000000000000000000, 0.000000000000000000, 1.000000000000000000 ) ) ;
#1107 = CARTESIAN_POINT ( 'NONE',  ( -0.9500000000000023981, -3.059999999999999165, 0.3199999999999994515 ) ) ;
#1108 = ORIENTED_EDGE ( 'NONE', *, *, #50, .F. ) ;
#1109 = EDGE_CURVE ( 'NONE', #1158, #419, #706, .T. ) ;
#1110 = PLANE ( 'NONE',  #941 ) ;
#1111 = DIRECTION ( 'NONE',  ( 0.3481553119113940387, -0.8703882797784959768, -0.3481553119113802719 ) ) ;
#1112 = CARTESIAN_POINT ( 'NONE',  ( -0.9499999999999998446, 0.6399999999999999023, -0.3199999999999999512 ) ) ;
#1113 = DIRECTION ( 'NONE',  ( -0.000000000000000000, 0.000000000000000000, 1.000000000000000000 ) ) ;
#1114 = AXIS2_PLACEMENT_3D ( 'NONE', #1112, #355, #966 ) ;
#1115 = ORIENTED_EDGE ( 'NONE', *, *, #459, .F. ) ;
#1116 = ORIENTED_EDGE ( 'NONE', *, *, #1026, .T. ) ;
#1117 = CARTESIAN_POINT ( 'NONE',  ( 2.109999999999999876, 0.6399999999999999023, 2.919999999999999929 ) ) ;
#1118 = FACE_OUTER_BOUND ( 'NONE', #880, .T. ) ;
#1119 = DIRECTION ( 'NONE',  ( -1.000000000000000000, -0.000000000000000000, 0.000000000000000000 ) ) ;
#1120 = EDGE_CURVE ( 'NONE', #1099, #334, #1608, .T. ) ;
#1121 = LINE ( 'NONE', #20, #1453 ) ;
#1122 = DIRECTION ( 'NONE',  ( 0.000000000000000000, 0.000000000000000000, -1.000000000000000000 ) ) ;
#1123 = VECTOR ( 'NONE', #1699, 1000.000000000000000 ) ;
#1124 = VECTOR ( 'NONE', #1295, 1000.000000000000000 ) ;
#1125 = ORIENTED_EDGE ( 'NONE', *, *, #269, .F. ) ;
#1126 = DIRECTION ( 'NONE',  ( 0.000000000000000000, -1.000000000000000000, -0.000000000000000000 ) ) ;
#1127 = VECTOR ( 'NONE', #1904, 1000.000000000000000 ) ;
#1128 = CARTESIAN_POINT ( 'NONE',  ( 1.389999999999999902, -3.560000000000004938, 0.1200000000000031181 ) ) ;
#1129 = DIRECTION ( 'NONE',  ( 1.000000000000000000, 0.000000000000000000, -0.000000000000000000 ) ) ;
#1130 = EDGE_CURVE ( 'NONE', #419, #1314, #876, .T. ) ;
#1131 = DIRECTION ( 'NONE',  ( -1.000000000000000000, 0.000000000000000000, -0.000000000000000000 ) ) ;
#1132 = PLANE ( 'NONE',  #1715 ) ;
#1133 = EDGE_CURVE ( 'NONE', #1350, #1099, #1471, .T. ) ;
#1134 = CARTESIAN_POINT ( 'NONE',  ( -1.270000000000000018, 5.450000000000000178, -1.879999999999999893 ) ) ;
#1135 = ORIENTED_EDGE ( 'NONE', *, *, #562, .T. ) ;
#1136 = CARTESIAN_POINT ( 'NONE',  ( -1.270000000000000018, 5.450000000000000178, -1.879999999999999893 ) ) ;
#1137 = DIRECTION ( 'NONE',  ( -0.000000000000000000, 0.000000000000000000, -1.000000000000000000 ) ) ;
#1138 = ORIENTED_EDGE ( 'NONE', *, *, #402, .T. ) ;
#1139 = FACE_OUTER_BOUND ( 'NONE', #945, .T. ) ;
#1140 = LINE ( 'NONE', #1305, #1127 ) ;
#1141 = EDGE_CURVE ( 'NONE', #1210, #728, #94, .T. ) ;
#1142 = ORIENTED_EDGE ( 'NONE', *, *, #445, .T. ) ;
#1143 = CARTESIAN_POINT ( 'NONE',  ( -1.390000000000005231, 10.66000000000000192, -0.1199999999999999678 ) ) ;
#1144 = VECTOR ( 'NONE', #1004, 1000.000000000000000 ) ;
#1145 = EDGE_LOOP ( 'NONE', ( #322, #1454, #1899, #1799 ) ) ;
#1146 = DIRECTION ( 'NONE',  ( -0.9284766908852659650, -0.3713906763540870126, 0.000000000000000000 ) ) ;
#1147 = EDGE_LOOP ( 'NONE', ( #240, #762, #1727, #681 ) ) ;
#1148 = LINE ( 'NONE', #84, #989 ) ;
#1149 = LINE ( 'NONE', #1027, #1377 ) ;
#1150 = EDGE_CURVE ( 'NONE', #1476, #120, #1140, .T. ) ;
#1151 = ORIENTED_EDGE ( 'NONE', *, *, #1247, .T. ) ;
#1152 = VECTOR ( 'NONE', #65, 1000.000000000000227 ) ;
#1153 = DIRECTION ( 'NONE',  ( 1.000000000000000000, -0.000000000000000000, -0.000000000000000000 ) ) ;
#1154 = EDGE_CURVE ( 'NONE', #979, #1949, #1149, .T. ) ;
#1155 = ORIENTED_EDGE ( 'NONE', *, *, #986, .T. ) ;
#1156 = VECTOR ( 'NONE', #1622, 1000.000000000000000 ) ;
#1157 = CARTESIAN_POINT ( 'NONE',  ( -1.590000000000000080, -3.559999999999999609, -0.3199999999999999512 ) ) ;
#1158 = VERTEX_POINT ( 'NONE', #1442 ) ;
#1159 = AXIS2_PLACEMENT_3D ( 'NONE', #646, #1106, #1849 ) ;
#1160 = CARTESIAN_POINT ( 'NONE',  ( 1.589999999999999858, 3.160000000000000142, 0.3199999999999999512 ) ) ;
#1161 = FACE_OUTER_BOUND ( 'NONE', #446, .T. ) ;
#1162 = DIRECTION ( 'NONE',  ( -0.000000000000000000, 1.000000000000000000, 0.000000000000000000 ) ) ;
#1163 = EDGE_LOOP ( 'NONE', ( #899, #589, #337, #992 ) ) ;
#1164 = EDGE_CURVE ( 'NONE', #650, #31, #559, .T. ) ;
#1165 = DIRECTION ( 'NONE',  ( 0.000000000000000000, 0.000000000000000000, 1.000000000000000000 ) ) ;
#1166 = VERTEX_POINT ( 'NONE', #383 ) ;
#1167 = EDGE_LOOP ( 'NONE', ( #1481, #872, #1614, #1604 ) ) ;
#1168 = EDGE_CURVE ( 'NONE', #1052, #1388, #1886, .T. ) ;
#1169 = DIRECTION ( 'NONE',  ( 0.000000000000000000, 0.000000000000000000, -1.000000000000000000 ) ) ;
#1170 =( LENGTH_UNIT ( ) NAMED_UNIT ( * ) SI_UNIT ( .MILLI., .METRE. ) );
#1171 = CARTESIAN_POINT ( 'NONE',  ( -1.590000000000000080, 3.160000000000000142, -2.879999999999999893 ) ) ;
#1172 = ORIENTED_EDGE ( 'NONE', *, *, #1910, .T. ) ;
#1173 = CARTESIAN_POINT ( 'NONE',  ( 0.9499999999999999556, 1.580000000000000071, -0.3199999999999999512 ) ) ;
#1174 = VERTEX_POINT ( 'NONE', #1431 ) ;
#1175 = ORIENTED_EDGE ( 'NONE', *, *, #1751, .T. ) ;
#1176 = VECTOR ( 'NONE', #1837, 1000.000000000000000 ) ;
#1177 = EDGE_CURVE ( 'NONE', #468, #117, #567, .T. ) ;
#1178 =( GEOMETRIC_REPRESENTATION_CONTEXT ( 3 ) GLOBAL_UNCERTAINTY_ASSIGNED_CONTEXT ( ( #835 ) ) GLOBAL_UNIT_ASSIGNED_CONTEXT ( ( #1001, #871, #1625 ) ) REPRESENTATION_CONTEXT ( 'NONE', 'WORKASPACE' ) );
#1179 = LINE ( 'NONE', #1035, #139 ) ;
#1180 = CARTESIAN_POINT ( 'NONE',  ( 0.9499999999999999556, -3.060000000000000053, 0.3200000000000000067 ) ) ;
#1181 = ORIENTED_EDGE ( 'NONE', *, *, #48, .F. ) ;
#1182 = PLANE ( 'NONE',  #335 ) ;
#1183 = ORIENTED_EDGE ( 'NONE', *, *, #1788, .T. ) ;
#1184 = ORIENTED_EDGE ( 'NONE', *, *, #1860, .T. ) ;
#1185 = CARTESIAN_POINT ( 'NONE',  ( 1.589999999999999858, 3.160000000000000142, -0.3199999999999977307 ) ) ;
#1186 = VECTOR ( 'NONE', #1922, 1000.000000000000000 ) ;
#1187 = DIRECTION ( 'NONE',  ( 1.000000000000000000, 0.000000000000000000, 0.000000000000000000 ) ) ;
#1188 = EDGE_CURVE ( 'NONE', #1911, #1517, #687, .T. ) ;
#1189 = VECTOR ( 'NONE', #1767, 1000.000000000000000 ) ;
#1190 = LINE ( 'NONE', #1785, #508 ) ;
#1191 = DIRECTION ( 'NONE',  ( 0.000000000000000000, -1.000000000000000000, 0.000000000000000000 ) ) ;
#1192 = EDGE_CURVE ( 'NONE', #1663, #1759, #1757, .T. ) ;
#1193 = ORIENTED_EDGE ( 'NONE', *, *, #562, .F. ) ;
#1194 = CARTESIAN_POINT ( 'NONE',  ( -1.270000000000000018, 6.980000000000000426, -1.350000000000000089 ) ) ;
#1195 = ORIENTED_EDGE ( 'NONE', *, *, #1188, .F. ) ;
#1196 = ORIENTED_EDGE ( 'NONE', *, *, #608, .T. ) ;
#1197 = CARTESIAN_POINT ( 'NONE',  ( -1.270000000000000018, 10.41000000000000014, 0.2200000000000000566 ) ) ;
#1198 = FACE_OUTER_BOUND ( 'NONE', #1495, .T. ) ;
#1199 = PLANE ( 'NONE',  #1432 ) ;
#1200 = EDGE_CURVE ( 'NONE', #1938, #1719, #405, .T. ) ;
#1201 = ORIENTED_EDGE ( 'NONE', *, *, #854, .F. ) ;
#1202 = CARTESIAN_POINT ( 'NONE',  ( 1.149999999999998579, 10.66000000000000369, 0.1199999999999969563 ) ) ;
#1203 = ORIENTED_EDGE ( 'NONE', *, *, #1930, .F. ) ;
#1204 = VERTEX_POINT ( 'NONE', #698 ) ;
#1205 = SURFACE_SIDE_STYLE ('',( #604 ) ) ;
#1206 = DIRECTION ( 'NONE',  ( 0.000000000000000000, -0.9284766908852659650, 0.3713906763540870126 ) ) ;
#1207 = VECTOR ( 'NONE', #1111, 1000.000000000000114 ) ;
#1208 = DIRECTION ( 'NONE',  ( 0.000000000000000000, -0.8660254037844288266, 0.5000000000000169864 ) ) ;
#1209 = CARTESIAN_POINT ( 'NONE',  ( -0.9499999999999999556, 0.6400000000000000133, 0.02000000000000005246 ) ) ;
#1210 = VERTEX_POINT ( 'NONE', #985 ) ;
#1211 = CARTESIAN_POINT ( 'NONE',  ( 1.149999999999997913, -3.560000000000000497, -0.1200000000000010780 ) ) ;
#1212 = ADVANCED_FACE ( 'NONE', ( #1297, #1726 ), #546, .F. ) ;
#1213 = EDGE_LOOP ( 'NONE', ( #572, #342, #1768, #141 ) ) ;
#1214 = ORIENTED_EDGE ( 'NONE', *, *, #231, .T. ) ;
#1215 = EDGE_CURVE ( 'NONE', #537, #1099, #1599, .T. ) ;
#1216 = DIRECTION ( 'NONE',  ( 0.000000000000000000, 0.000000000000000000, -1.000000000000000000 ) ) ;
#1217 = CARTESIAN_POINT ( 'NONE',  ( -1.149999999999997469, 10.66000000000000192, 0.1199999999999934869 ) ) ;
#1218 = AXIS2_PLACEMENT_3D ( 'NONE', #1386, #170, #909 ) ;
#1219 = CARTESIAN_POINT ( 'NONE',  ( -0.9970223243003046854, 11.70000000000000107, -1.879999999999999893 ) ) ;
#1220 = VECTOR ( 'NONE', #266, 1000.000000000000000 ) ;
#1221 = CARTESIAN_POINT ( 'NONE',  ( 0.9499999999999999556, 10.16000000000000014, 0.02000000000000005246 ) ) ;
#1222 = VECTOR ( 'NONE', #848, 1000.000000000000000 ) ;
#1223 = ORIENTED_EDGE ( 'NONE', *, *, #685, .T. ) ;
#1224 = CARTESIAN_POINT ( 'NONE',  ( -1.270000000000000018, 11.69999999999999929, -1.879999999999999893 ) ) ;
#1225 = ORIENTED_EDGE ( 'NONE', *, *, #1592, .T. ) ;
#1226 = ORIENTED_EDGE ( 'NONE', *, *, #1617, .T. ) ;
#1227 = DIRECTION ( 'NONE',  ( 1.000000000000000000, 0.000000000000000000, 0.000000000000000000 ) ) ;
#1228 = EDGE_CURVE ( 'NONE', #1359, #1600, #277, .T. ) ;
#1229 = FACE_OUTER_BOUND ( 'NONE', #1552, .T. ) ;
#1230 = DIRECTION ( 'NONE',  ( -1.000000000000000000, 0.000000000000000000, -0.000000000000000000 ) ) ;
#1231 = CARTESIAN_POINT ( 'NONE',  ( -0.9500000000000005107, -3.059999999999999165, -0.3199999999999975642 ) ) ;
#1232 = DIRECTION ( 'NONE',  ( 0.000000000000000000, -0.3713906763540870126, 0.9284766908852659650 ) ) ;
#1233 = EDGE_LOOP ( 'NONE', ( #457, #1330, #150, #975, #153, #1673, #1115, #615, #1823 ) ) ;
#1234 = ORIENTED_EDGE ( 'NONE', *, *, #505, .F. ) ;
#1235 = DIRECTION ( 'NONE',  ( 1.000000000000000000, 0.000000000000000000, 0.000000000000000000 ) ) ;
#1236 = ADVANCED_FACE ( 'NONE', ( #1944, #1521, #309, #1065 ), #148, .T. ) ;
#1237 = CARTESIAN_POINT ( 'NONE',  ( -1.149999999999995692, -3.560000000000001386, -0.1199999999999999678 ) ) ;
#1238 = VECTOR ( 'NONE', #629, 1000.000000000000114 ) ;
#1239 = CARTESIAN_POINT ( 'NONE',  ( -1.270000000000000018, 10.66000000000000369, 0.1200000000000037842 ) ) ;
#1240 = EDGE_CURVE ( 'NONE', #1663, #1640, #1480, .T. ) ;
#1241 = DIRECTION ( 'NONE',  ( -0.000000000000000000, 1.000000000000000000, 0.000000000000000000 ) ) ;
#1242 = ORIENTED_EDGE ( 'NONE', *, *, #786, .T. ) ;
#1243 = ORIENTED_EDGE ( 'NONE', *, *, #1247, .F. ) ;
#1244 = CARTESIAN_POINT ( 'NONE',  ( -1.270000000000000018, 3.160000000000000142, -2.879999999999999893 ) ) ;
#1245 = CARTESIAN_POINT ( 'NONE',  ( 0.4299999999999998823, 0.000000000000000000, 2.919999999999999929 ) ) ;
#1246 = VECTOR ( 'NONE', #1945, 1000.000000000000000 ) ;
#1247 = EDGE_CURVE ( 'NONE', #1919, #1308, #1630, .T. ) ;
#1248 = CARTESIAN_POINT ( 'NONE',  ( -1.590000000000000080, -3.060000000000000053, 0.3200000000000000067 ) ) ;
#1249 = CIRCLE ( 'NONE', #238, 0.5999999999999999778 ) ;
#1250 = EDGE_CURVE ( 'NONE', #531, #1327, #9, .T. ) ;
#1251 = VECTOR ( 'NONE', #761, 1000.000000000000000 ) ;
#1252 = DIRECTION ( 'NONE',  ( -0.000000000000000000, -1.000000000000000000, 0.000000000000000000 ) ) ;
#1253 = CARTESIAN_POINT ( 'NONE',  ( 1.149999999999998579, 10.66000000000000192, -0.1200000000000025352 ) ) ;
#1254 = ORIENTED_EDGE ( 'NONE', *, *, #1154, .T. ) ;
#1255 = DIRECTION ( 'NONE',  ( -1.000000000000000000, -0.000000000000000000, -0.000000000000000000 ) ) ;
#1256 = DIRECTION ( 'NONE',  ( 1.000000000000000000, 0.000000000000000000, 0.000000000000000000 ) ) ;
#1257 = EDGE_LOOP ( 'NONE', ( #602, #1439, #1080, #935 ) ) ;
#1258 = PLANE ( 'NONE',  #542 ) ;
#1259 = FACE_OUTER_BOUND ( 'NONE', #1537, .T. ) ;
#1260 = EDGE_CURVE ( 'NONE', #1337, #1397, #766, .T. ) ;
#1261 = CARTESIAN_POINT ( 'NONE',  ( -1.389999999999999902, -3.559999999999999609, 0.3200000000000000067 ) ) ;
#1262 = ORIENTED_EDGE ( 'NONE', *, *, #1120, .F. ) ;
#1263 = DIRECTION ( 'NONE',  ( 0.000000000000000000, -1.000000000000000000, -0.000000000000000000 ) ) ;
#1264 = LINE ( 'NONE', #345, #841 ) ;
#1265 = DIRECTION ( 'NONE',  ( 0.000000000000000000, -1.000000000000000000, -0.000000000000000000 ) ) ;
#1266 = CARTESIAN_POINT ( 'NONE',  ( 2.540000000000000036, 1.580000000000000071, 0.02000000000000005246 ) ) ;
#1267 = CARTESIAN_POINT ( 'NONE',  ( -0.3050000000000000488, 0.000000000000000000, -0.7499999999999998890 ) ) ;
#1268 = UNCERTAINTY_MEASURE_WITH_UNIT (LENGTH_MEASURE( 1.000000000000000082E-05 ), #1170, 'distance_accuracy_value', 'NONE');
#1269 = VECTOR ( 'NONE', #480, 1000.000000000000227 ) ;
#1270 = VECTOR ( 'NONE', #1880, 1000.000000000000000 ) ;
#1271 = ORIENTED_EDGE ( 'NONE', *, *, #1896, .F. ) ;
#1272 = CARTESIAN_POINT ( 'NONE',  ( -1.149999999999997913, -3.560000000000002274, 0.1199999999999933481 ) ) ;
#1273 = FACE_OUTER_BOUND ( 'NONE', #658, .T. ) ;
#1274 = CARTESIAN_POINT ( 'NONE',  ( -1.589999999999995417, 10.15999999999999837, 0.3200000000000000067 ) ) ;
#1275 = PLANE ( 'NONE',  #1484 ) ;
#1276 = DIRECTION ( 'NONE',  ( -0.000000000000000000, 1.000000000000000000, 0.000000000000000000 ) ) ;
#1277 = VECTOR ( 'NONE', #221, 1000.000000000000000 ) ;
#1278 = AXIS2_PLACEMENT_3D ( 'NONE', #850, #1280, #1444 ) ;
#1279 = ORIENTED_EDGE ( 'NONE', *, *, #817, .F. ) ;
#1280 = DIRECTION ( 'NONE',  ( 1.000000000000000000, 0.000000000000000000, 0.000000000000000000 ) ) ;
#1281 = VECTOR ( 'NONE', #1208, 1000.000000000000114 ) ;
#1282 = DIRECTION ( 'NONE',  ( 1.000000000000000000, -0.000000000000000000, 0.000000000000000000 ) ) ;
#1283 = LINE ( 'NONE', #702, #933 ) ;
#1284 = ADVANCED_FACE ( 'NONE', ( #1198 ), #926, .T. ) ;
#1285 = DIRECTION ( 'NONE',  ( 0.000000000000000000, 0.000000000000000000, -1.000000000000000000 ) ) ;
#1286 = CARTESIAN_POINT ( 'NONE',  ( -1.590000000000000080, 0.6399999999999999023, 0.3199999999999999512 ) ) ;
#1287 = PRODUCT_DEFINITION_SHAPE ( 'NONE', 'NONE',  #1472 ) ;
#1288 = CARTESIAN_POINT ( 'NONE',  ( 1.270000000000000018, 6.980000000000000426, -1.350000000000000089 ) ) ;
#1289 = ORIENTED_EDGE ( 'NONE', *, *, #1839, .T. ) ;
#1290 = LINE ( 'NONE', #528, #1066 ) ;
#1291 = DIRECTION ( 'NONE',  ( -0.000000000000000000, -1.000000000000000000, -0.000000000000000000 ) ) ;
#1292 = DIRECTION ( 'NONE',  ( -1.000000000000000000, 0.000000000000000000, -0.000000000000000000 ) ) ;
#1293 = ORIENTED_EDGE ( 'NONE', *, *, #1405, .T. ) ;
#1294 = DIRECTION ( 'NONE',  ( -0.000000000000000000, 1.000000000000000000, 0.000000000000000000 ) ) ;
#1295 = DIRECTION ( 'NONE',  ( 0.3481553119113938721, 0.8703882797784960879, 0.3481553119113802719 ) ) ;
#1296 = EDGE_CURVE ( 'NONE', #78, #570, #123, .T. ) ;
#1297 = FACE_BOUND ( 'NONE', #1929, .T. ) ;
#1298 = EDGE_CURVE ( 'NONE', #479, #1299, #1046, .T. ) ;
#1299 = VERTEX_POINT ( 'NONE', #156 ) ;
#1300 = DIRECTION ( 'NONE',  ( 1.000000000000000000, 0.000000000000000000, 0.000000000000000000 ) ) ;
#1301 = ORIENTED_EDGE ( 'NONE', *, *, #1560, .F. ) ;
#1302 = CARTESIAN_POINT ( 'NONE',  ( -1.270000000000000018, 3.160000000000000142, -1.280000000000000027 ) ) ;
#1303 = EDGE_LOOP ( 'NONE', ( #1516, #1771, #71, #242 ) ) ;
#1304 = LINE ( 'NONE', #1871, #768 ) ;
#1305 = CARTESIAN_POINT ( 'NONE',  ( -0.9499999999999999556, 10.16000000000000014, 0.02000000000000005246 ) ) ;
#1306 = ADVANCED_FACE ( 'NONE', ( #1923 ), #1668, .T. ) ;
#1307 = EDGE_CURVE ( 'NONE', #112, #185, #1638, .T. ) ;
#1308 = VERTEX_POINT ( 'NONE', #1326 ) ;
#1309 = VECTOR ( 'NONE', #1376, 1000.000000000000000 ) ;
#1310 = LINE ( 'NONE', #886, #1433 ) ;
#1311 = ORIENTED_EDGE ( 'NONE', *, *, #697, .F. ) ;
#1312 = VECTOR ( 'NONE', #1500, 1000.000000000000000 ) ;
#1313 = CARTESIAN_POINT ( 'NONE',  ( -2.109999999999999876, 0.000000000000000000, 2.919999999999999929 ) ) ;
#1314 = VERTEX_POINT ( 'NONE', #1219 ) ;
#1315 = VECTOR ( 'NONE', #1894, 1000.000000000000000 ) ;
#1316 = FACE_OUTER_BOUND ( 'NONE', #1233, .T. ) ;
#1317 = CARTESIAN_POINT ( 'NONE',  ( -0.4299999999999999933, 0.6400000000000000133, -2.879999999999999893 ) ) ;
#1318 = CARTESIAN_POINT ( 'NONE',  ( -2.540000000000000036, 3.160000000000000142, -2.879999999999999893 ) ) ;
#1319 = EDGE_LOOP ( 'NONE', ( #1473, #1398, #192, #1078 ) ) ;
#1320 = CARTESIAN_POINT ( 'NONE',  ( -1.590000000000000080, 10.16000000000000014, 0.3200000000000000067 ) ) ;
#1321 = EDGE_CURVE ( 'NONE', #1314, #701, #1819, .T. ) ;
#1322 = ORIENTED_EDGE ( 'NONE', *, *, #1438, .T. ) ;
#1323 = ORIENTED_EDGE ( 'NONE', *, *, #1592, .F. ) ;
#1324 = DIRECTION ( 'NONE',  ( -0.000000000000000000, 0.7071067811865474617, 0.7071067811865474617 ) ) ;
#1325 = LINE ( 'NONE', #404, #1186 ) ;
#1326 = CARTESIAN_POINT ( 'NONE',  ( 0.9500000000000011768, 3.160000000000000142, -0.3199999999999977307 ) ) ;
#1327 = VERTEX_POINT ( 'NONE', #317 ) ;
#1328 = PLANE ( 'NONE',  #45 ) ;
#1329 = ORIENTED_EDGE ( 'NONE', *, *, #901, .T. ) ;
#1330 = ORIENTED_EDGE ( 'NONE', *, *, #1177, .T. ) ;
#1331 = FILL_AREA_STYLE ('',( #891 ) ) ;
#1332 = EDGE_CURVE ( 'NONE', #117, #722, #297, .T. ) ;
#1333 = DIRECTION ( 'NONE',  ( -1.000000000000000000, -0.000000000000000000, -0.000000000000000000 ) ) ;
#1334 = DIRECTION ( 'NONE',  ( 0.000000000000000000, 0.000000000000000000, 1.000000000000000000 ) ) ;
#1335 = ORIENTED_EDGE ( 'NONE', *, *, #1109, .T. ) ;
#1336 = CARTESIAN_POINT ( 'NONE',  ( 0.4299999999999999933, 0.6400000000000000133, 2.919999999999999929 ) ) ;
#1337 = VERTEX_POINT ( 'NONE', #1776 ) ;
#1338 = AXIS2_PLACEMENT_3D ( 'NONE', #1808, #310, #1067 ) ;
#1339 = ORIENTED_EDGE ( 'NONE', *, *, #1250, .T. ) ;
#1340 = VECTOR ( 'NONE', #1490, 1000.000000000000000 ) ;
#1341 = FACE_OUTER_BOUND ( 'NONE', #1032, .T. ) ;
#1342 = VECTOR ( 'NONE', #126, 1000.000000000000000 ) ;
#1343 = CARTESIAN_POINT ( 'NONE',  ( 1.149999999999995026, 10.66000000000000192, 5.082197683525802034E-17 ) ) ;
#1344 = ADVANCED_FACE ( 'NONE', ( #1807 ), #1037, .F. ) ;
#1345 = LINE ( 'NONE', #1532, #1238 ) ;
#1346 = FACE_OUTER_BOUND ( 'NONE', #853, .T. ) ;
#1347 = EDGE_LOOP ( 'NONE', ( #1916, #1196, #101, #1379 ) ) ;
#1348 = CARTESIAN_POINT ( 'NONE',  ( 2.109999999999999876, 0.6400000000000000133, 2.919999999999999929 ) ) ;
#1349 = ORIENTED_EDGE ( 'NONE', *, *, #786, .F. ) ;
#1350 = VERTEX_POINT ( 'NONE', #585 ) ;
#1351 = CARTESIAN_POINT ( 'NONE',  ( -1.270000000000000018, 5.450000000000000178, -1.879999999999999893 ) ) ;
#1352 = CARTESIAN_POINT ( 'NONE',  ( -2.540000000000000036, 3.160000000000000142, -1.280000000000000027 ) ) ;
#1353 = CARTESIAN_POINT ( 'NONE',  ( -2.540000000000000036, 3.160000000000000142, 2.919999999999999929 ) ) ;
#1354 = EDGE_CURVE ( 'NONE', #110, #1476, #1190, .T. ) ;
#1355 = CARTESIAN_POINT ( 'NONE',  ( 0.3049999999999999933, 3.160000000000000142, -0.7500000000000000000 ) ) ;
#1356 = EDGE_CURVE ( 'NONE', #1410, #1337, #1345, .T. ) ;
#1357 = ORIENTED_EDGE ( 'NONE', *, *, #626, .F. ) ;
#1358 = DIRECTION ( 'NONE',  ( -1.000000000000000000, -0.000000000000000000, -0.000000000000000000 ) ) ;
#1359 = VERTEX_POINT ( 'NONE', #189 ) ;
#1360 = ORIENTED_EDGE ( 'NONE', *, *, #424, .T. ) ;
#1361 = SURFACE_STYLE_FILL_AREA ( #1331 ) ;
#1362 = DIRECTION ( 'NONE',  ( -1.000000000000000000, 0.000000000000000000, -0.000000000000000000 ) ) ;
#1363 = VECTOR ( 'NONE', #1420, 1000.000000000000000 ) ;
#1364 = CARTESIAN_POINT ( 'NONE',  ( -1.270000000000000018, 7.897986928012000085, -1.879999999999999893 ) ) ;
#1365 = AXIS2_PLACEMENT_3D ( 'NONE', #1712, #540, #233 ) ;
#1366 = FACE_OUTER_BOUND ( 'NONE', #429, .T. ) ;
#1367 = EDGE_LOOP ( 'NONE', ( #1652, #161, #1789, #293 ) ) ;
#1368 = FACE_OUTER_BOUND ( 'NONE', #1692, .T. ) ;
#1369 = EDGE_CURVE ( 'NONE', #1664, #367, #338, .T. ) ;
#1370 = ORIENTED_EDGE ( 'NONE', *, *, #1215, .T. ) ;
#1371 = ORIENTED_EDGE ( 'NONE', *, *, #769, .F. ) ;
#1372 = DIRECTION ( 'NONE',  ( 0.000000000000000000, -0.000000000000000000, -1.000000000000000000 ) ) ;
#1373 = FACE_OUTER_BOUND ( 'NONE', #379, .T. ) ;
#1374 = DIRECTION ( 'NONE',  ( 0.3481553119113798833, 0.8703882797784953107, -0.3481553119113959816 ) ) ;
#1375 = AXIS2_PLACEMENT_3D ( 'NONE', #421, #1629, #545 ) ;
#1376 = DIRECTION ( 'NONE',  ( -0.000000000000000000, -0.000000000000000000, 1.000000000000000000 ) ) ;
#1377 = VECTOR ( 'NONE', #727, 1000.000000000000000 ) ;
#1378 = FACE_OUTER_BOUND ( 'NONE', #563, .T. ) ;
#1379 = ORIENTED_EDGE ( 'NONE', *, *, #1828, .T. ) ;
#1380 = ORIENTED_EDGE ( 'NONE', *, *, #483, .F. ) ;
#1381 = EDGE_CURVE ( 'NONE', #171, #1881, #663, .T. ) ;
#1382 = CARTESIAN_POINT ( 'NONE',  ( 0.3049999999999999933, 3.160000000000000142, 0.7500000000000000000 ) ) ;
#1383 = ADVANCED_FACE ( 'NONE', ( #816 ), #806, .T. ) ;
#1384 = DIRECTION ( 'NONE',  ( -0.000000000000000000, -0.000000000000000000, 1.000000000000000000 ) ) ;
#1385 = CARTESIAN_POINT ( 'NONE',  ( -1.590000000000000080, 3.159999999999999698, -0.3199999999999999512 ) ) ;
#1386 = CARTESIAN_POINT ( 'NONE',  ( 0.9499999999999999556, 10.66000000000000014, 0.3200000000000000067 ) ) ;
#1387 = DIRECTION ( 'NONE',  ( -1.000000000000000000, -0.000000000000000000, 0.000000000000000000 ) ) ;
#1388 = VERTEX_POINT ( 'NONE', #1245 ) ;
#1389 = VERTEX_POINT ( 'NONE', #1567 ) ;
#1390 = ADVANCED_FACE ( 'NONE', ( #1829 ), #1677, .T. ) ;
#1391 = FACE_BOUND ( 'NONE', #1167, .T. ) ;
#1392 = EDGE_CURVE ( 'NONE', #1881, #110, #1121, .T. ) ;
#1393 = LINE ( 'NONE', #778, #380 ) ;
#1394 = MECHANICAL_DESIGN_GEOMETRIC_PRESENTATION_REPRESENTATION (  '', ( #124 ), #704 ) ;
#1395 = FACE_BOUND ( 'NONE', #1163, .T. ) ;
#1396 = LINE ( 'NONE', #1515, #47 ) ;
#1397 = VERTEX_POINT ( 'NONE', #501 ) ;
#1398 = ORIENTED_EDGE ( 'NONE', *, *, #445, .F. ) ;
#1399 = CARTESIAN_POINT ( 'NONE',  ( -2.109999999999999876, 0.000000000000000000, 2.919999999999999929 ) ) ;
#1400 = FACE_OUTER_BOUND ( 'NONE', #1319, .T. ) ;
#1401 = ORIENTED_EDGE ( 'NONE', *, *, #1751, .F. ) ;
#1402 = CARTESIAN_POINT ( 'NONE',  ( -0.9500000000000022871, 10.16000000000000014, -0.3199999999999994515 ) ) ;
#1403 = AXIS2_PLACEMENT_3D ( 'NONE', #434, #758, #1523 ) ;
#1404 = DIRECTION ( 'NONE',  ( 0.000000000000000000, -0.7071067811865474617, -0.7071067811865474617 ) ) ;
#1405 = EDGE_CURVE ( 'NONE', #1030, #1090, #789, .T. ) ;
#1406 = UNCERTAINTY_MEASURE_WITH_UNIT (LENGTH_MEASURE( 1.000000000000000082E-05 ), #743, 'distance_accuracy_value', 'NONE');
#1407 = VECTOR ( 'NONE', #88, 1000.000000000000000 ) ;
#1408 = VECTOR ( 'NONE', #1162, 1000.000000000000000 ) ;
#1409 = EDGE_LOOP ( 'NONE', ( #1322, #418, #113, #7 ) ) ;
#1410 = VERTEX_POINT ( 'NONE', #958 ) ;
#1411 = CARTESIAN_POINT ( 'NONE',  ( 1.270000000000000018, -3.309999999999999609, -0.2199999999999999456 ) ) ;
#1412 = LINE ( 'NONE', #54, #159 ) ;
#1413 = LINE ( 'NONE', #46, #95 ) ;
#1414 = CARTESIAN_POINT ( 'NONE',  ( 2.109999999999999876, 0.6400000000000000133, -2.879999999999999893 ) ) ;
#1415 = ADVANCED_FACE ( 'NONE', ( #328 ), #1258, .F. ) ;
#1416 = ORIENTED_EDGE ( 'NONE', *, *, #354, .F. ) ;
#1417 = LINE ( 'NONE', #506, #1781 ) ;
#1418 = LINE ( 'NONE', #963, #647 ) ;
#1419 = LINE ( 'NONE', #1274, #1678 ) ;
#1420 = DIRECTION ( 'NONE',  ( 0.000000000000000000, 1.000000000000000000, -0.000000000000000000 ) ) ;
#1421 = CARTESIAN_POINT ( 'NONE',  ( -1.589999999999995195, -3.059999999999998277, -0.3199999999999999512 ) ) ;
#1422 = VECTOR ( 'NONE', #938, 1000.000000000000000 ) ;
#1423 = PRESENTATION_LAYER_ASSIGNMENT (  '', '', ( #325 ) ) ;
#1424 = ORIENTED_EDGE ( 'NONE', *, *, #890, .F. ) ;
#1425 = LINE ( 'NONE', #1143, #874 ) ;
#1426 = EDGE_CURVE ( 'NONE', #1327, #1517, #1863, .T. ) ;
#1427 = CARTESIAN_POINT ( 'NONE',  ( -1.589999999999998970, 10.16000000000000014, 0.3199999999999977862 ) ) ;
#1428 = DIRECTION ( 'NONE',  ( 0.000000000000000000, -0.000000000000000000, -1.000000000000000000 ) ) ;
#1429 = PLANE ( 'NONE',  #929 ) ;
#1430 = SURFACE_STYLE_USAGE ( .BOTH. , #1884 ) ;
#1431 = CARTESIAN_POINT ( 'NONE',  ( 2.109999999999999876, 0.6400000000000000133, -2.879999999999999893 ) ) ;
#1432 = AXIS2_PLACEMENT_3D ( 'NONE', #1512, #10, #1 ) ;
#1433 = VECTOR ( 'NONE', #1165, 1000.000000000000000 ) ;
#1434 = ORIENTED_EDGE ( 'NONE', *, *, #1642, .F. ) ;
#1435 = PLANE ( 'NONE',  #556 ) ;
#1436 = LINE ( 'NONE', #80, #485 ) ;
#1437 = CARTESIAN_POINT ( 'NONE',  ( 0.9499999999999999556, 10.16000000000000014, 0.3200000000000000067 ) ) ;
#1438 = EDGE_CURVE ( 'NONE', #1911, #740, #1549, .T. ) ;
#1439 = ORIENTED_EDGE ( 'NONE', *, *, #72, .T. ) ;
#1440 = CARTESIAN_POINT ( 'NONE',  ( -0.4299999999999999933, 0.000000000000000000, -2.879999999999999893 ) ) ;
#1441 = LINE ( 'NONE', #696, #1124 ) ;
#1442 = CARTESIAN_POINT ( 'NONE',  ( -1.269999999999999352, 10.95000000000000462, -2.879999999999999893 ) ) ;
#1443 = ORIENTED_EDGE ( 'NONE', *, *, #1513, .T. ) ;
#1444 = DIRECTION ( 'NONE',  ( 0.000000000000000000, 0.000000000000000000, -1.000000000000000000 ) ) ;
#1445 = ORIENTED_EDGE ( 'NONE', *, *, #461, .F. ) ;
#1446 = LINE ( 'NONE', #81, #1522 ) ;
#1447 = ORIENTED_EDGE ( 'NONE', *, *, #1461, .T. ) ;
#1448 = DIRECTION ( 'NONE',  ( 0.000000000000000000, 0.000000000000000000, 1.000000000000000000 ) ) ;
#1449 = EDGE_CURVE ( 'NONE', #1166, #1308, #513, .T. ) ;
#1450 = DIRECTION ( 'NONE',  ( -0.000000000000000000, -0.000000000000000000, 1.000000000000000000 ) ) ;
#1451 = ORIENTED_EDGE ( 'NONE', *, *, #978, .T. ) ;
#1452 = LINE ( 'NONE', #1909, #1747 ) ;
#1453 = VECTOR ( 'NONE', #363, 1000.000000000000000 ) ;
#1454 = ORIENTED_EDGE ( 'NONE', *, *, #1307, .T. ) ;
#1455 = VECTOR ( 'NONE', #336, 1000.000000000000000 ) ;
#1456 = CARTESIAN_POINT ( 'NONE',  ( 0.9500000000000045075, 10.15999999999999837, 0.3200000000000000067 ) ) ;
#1457 = ORIENTED_EDGE ( 'NONE', *, *, #1510, .T. ) ;
#1458 = LINE ( 'NONE', #846, #577 ) ;
#1459 = CARTESIAN_POINT ( 'NONE',  ( 0.3050000000000000488, 3.160000000000000142, 0.7500000000000000000 ) ) ;
#1460 = CARTESIAN_POINT ( 'NONE',  ( 2.540000000000000036, 0.000000000000000000, 2.919999999999999929 ) ) ;
#1461 = EDGE_CURVE ( 'NONE', #131, #171, #198, .T. ) ;
#1462 = EDGE_LOOP ( 'NONE', ( #541, #1528, #719, #1650 ) ) ;
#1463 = CARTESIAN_POINT ( 'NONE',  ( -0.9499999999999998446, 0.6399999999999999023, 0.3199999999999999512 ) ) ;
#1464 = ORIENTED_EDGE ( 'NONE', *, *, #635, .T. ) ;
#1465 = AXIS2_PLACEMENT_3D ( 'NONE', #1675, #462, #134 ) ;
#1466 = CARTESIAN_POINT ( 'NONE',  ( 0.000000000000000000, 0.000000000000000000, 0.000000000000000000 ) ) ;
#1467 = VERTEX_POINT ( 'NONE', #1093 ) ;
#1468 = AXIS2_PLACEMENT_3D ( 'NONE', #912, #1232, #1098 ) ;
#1469 = CARTESIAN_POINT ( 'NONE',  ( 1.270000000000000906, 5.980000000000000426, -1.350000000000000089 ) ) ;
#1470 = PLANE ( 'NONE',  #1686 ) ;
#1471 = LINE ( 'NONE', #1733, #1718 ) ;
#1472 = PRODUCT_DEFINITION ( 'UNKNOWN', '', #1736, #1542 ) ;
#1473 = ORIENTED_EDGE ( 'NONE', *, *, #522, .T. ) ;
#1474 = DIRECTION ( 'NONE',  ( 0.000000000000000000, -0.000000000000000000, -1.000000000000000000 ) ) ;
#1475 = EDGE_CURVE ( 'NONE', #922, #1654, #1413, .T. ) ;
#1476 = VERTEX_POINT ( 'NONE', #1402 ) ;
#1477 = VERTEX_POINT ( 'NONE', #1557 ) ;
#1478 = LINE ( 'NONE', #915, #1055 ) ;
#1479 = LINE ( 'NONE', #122, #781 ) ;
#1480 = LINE ( 'NONE', #1180, #1907 ) ;
#1481 = ORIENTED_EDGE ( 'NONE', *, *, #1701, .T. ) ;
#1482 = CARTESIAN_POINT ( 'NONE',  ( 0.4299999999999999378, 0.6399999999999999023, 2.919999999999999929 ) ) ;
#1483 = EDGE_LOOP ( 'NONE', ( #1058, #1813, #1927, #1661 ) ) ;
#1484 = AXIS2_PLACEMENT_3D ( 'NONE', #983, #1448, #92 ) ;
#1485 = EDGE_LOOP ( 'NONE', ( #1243, #1181, #1506, #416 ) ) ;
#1486 = EDGE_CURVE ( 'NONE', #1719, #1090, #1540, .T. ) ;
#1487 = LINE ( 'NONE', #1636, #1926 ) ;
#1488 = CARTESIAN_POINT ( 'NONE',  ( -1.489999999999999991, 10.41000000000000014, 5.082197683525802034E-17 ) ) ;
#1489 = DIRECTION ( 'NONE',  ( -0.3420201433256990775, 0.9396926207858972147, -0.000000000000000000 ) ) ;
#1490 = DIRECTION ( 'NONE',  ( -0.000000000000000000, -0.000000000000000000, 1.000000000000000000 ) ) ;
#1491 = ORIENTED_EDGE ( 'NONE', *, *, #1260, .F. ) ;
#1492 = DIRECTION ( 'NONE',  ( -1.000000000000000000, 0.000000000000000000, 0.000000000000000000 ) ) ;
#1493 = ORIENTED_EDGE ( 'NONE', *, *, #1296, .T. ) ;
#1494 = CLOSED_SHELL ( 'NONE', ( #186, #1680, #306, #954, #1538, #195, #759, #574, #96, #366, #1870, #106, #1390, #374 ) ) ;
#1495 = EDGE_LOOP ( 'NONE', ( #1416, #868, #1635, #1424 ) ) ;
#1496 = AXIS2_PLACEMENT_3D ( 'NONE', #916, #155, #1362 ) ;
#1497 = EDGE_CURVE ( 'NONE', #125, #996, #1393, .T. ) ;
#1498 = CARTESIAN_POINT ( 'NONE',  ( 0.3049999999999999933, 0.000000000000000000, -0.7500000000000000000 ) ) ;
#1499 = VECTOR ( 'NONE', #1358, 1000.000000000000000 ) ;
#1500 = DIRECTION ( 'NONE',  ( 0.000000000000000000, 0.000000000000000000, -1.000000000000000000 ) ) ;
#1501 = ADVANCED_FACE ( 'NONE', ( #492 ), #347, .F. ) ;
#1502 = DIRECTION ( 'NONE',  ( 0.000000000000000000, -0.000000000000000000, 1.000000000000000000 ) ) ;
#1503 = DIRECTION ( 'NONE',  ( -0.3481553119113943717, 0.8703882797784957548, -0.3481553119113802164 ) ) ;
#1504 = ORIENTED_EDGE ( 'NONE', *, *, #608, .F. ) ;
#1505 = FACE_OUTER_BOUND ( 'NONE', #843, .T. ) ;
#1506 = ORIENTED_EDGE ( 'NONE', *, *, #721, .F. ) ;
#1507 = FILL_AREA_STYLE_COLOUR ( '', #227 ) ;
#1508 = EDGE_LOOP ( 'NONE', ( #1135, #1184, #632, #313 ) ) ;
#1509 = PLANE ( 'NONE',  #1874 ) ;
#1510 = EDGE_CURVE ( 'NONE', #1389, #254, #207, .T. ) ;
#1511 = CARTESIAN_POINT ( 'NONE',  ( -2.109999999999999876, 0.6400000000000000133, 2.919999999999999929 ) ) ;
#1512 = CARTESIAN_POINT ( 'NONE',  ( -1.590000000000000080, 10.66000000000000014, 0.3200000000000000067 ) ) ;
#1513 = EDGE_CURVE ( 'NONE', #367, #1759, #1597, .T. ) ;
#1514 = VERTEX_POINT ( 'NONE', #1883 ) ;
#1515 = CARTESIAN_POINT ( 'NONE',  ( -1.149999999999999911, 10.66000000000000192, -0.1200000000000050887 ) ) ;
#1516 = ORIENTED_EDGE ( 'NONE', *, *, #1051, .F. ) ;
#1517 = VERTEX_POINT ( 'NONE', #246 ) ;
#1518 = LINE ( 'NONE', #1073, #1707 ) ;
#1519 = LINE ( 'NONE', #776, #1844 ) ;
#1520 = VECTOR ( 'NONE', #1902, 1000.000000000000000 ) ;
#1521 = FACE_BOUND ( 'NONE', #1809, .T. ) ;
#1522 = VECTOR ( 'NONE', #1129, 1000.000000000000000 ) ;
#1523 = DIRECTION ( 'NONE',  ( 0.000000000000000000, 0.9284766908852659650, 0.3713906763540870126 ) ) ;
#1524 = EDGE_CURVE ( 'NONE', #349, #1030, #695, .T. ) ;
#1525 = VERTEX_POINT ( 'NONE', #855 ) ;
#1526 = LINE ( 'NONE', #1662, #1499 ) ;
#1527 = VERTEX_POINT ( 'NONE', #532 ) ;
#1528 = ORIENTED_EDGE ( 'NONE', *, *, #294, .F. ) ;
#1529 = DIRECTION ( 'NONE',  ( -0.000000000000000000, -0.000000000000000000, 1.000000000000000000 ) ) ;
#1530 = CARTESIAN_POINT ( 'NONE',  ( 1.270000000000000684, 5.980000000000000426, -1.350000000000000089 ) ) ;
#1531 = PRESENTATION_LAYER_ASSIGNMENT (  '', '', ( #1812 ) ) ;
#1532 = CARTESIAN_POINT ( 'NONE',  ( 1.590000000000000080, 10.15999999999999837, 0.3199999999999956213 ) ) ;
#1533 = PLANE ( 'NONE',  #1218 ) ;
#1534 = VECTOR ( 'NONE', #172, 1000.000000000000000 ) ;
#1535 = CARTESIAN_POINT ( 'NONE',  ( 0.9499999999999999556, 1.580000000000000071, 0.3200000000000000067 ) ) ;
#1536 = EDGE_LOOP ( 'NONE', ( #82, #200, #427, #1742 ) ) ;
#1537 = EDGE_LOOP ( 'NONE', ( #641, #1947, #5, #1672 ) ) ;
#1538 = ADVANCED_FACE ( 'NONE', ( #543 ), #255, .T. ) ;
#1539 = DIRECTION ( 'NONE',  ( -0.000000000000000000, -0.000000000000000000, -1.000000000000000000 ) ) ;
#1540 = LINE ( 'NONE', #796, #64 ) ;
#1541 = DIRECTION ( 'NONE',  ( 0.3420201433256990775, -0.9396926207858972147, 0.000000000000000000 ) ) ;
#1542 = PRODUCT_DEFINITION_CONTEXT ( 'detailed design', #665, 'design' ) ;
#1543 = PLANE ( 'NONE',  #651 ) ;
#1544 = EDGE_LOOP ( 'NONE', ( #291, #1924, #1464, #800 ) ) ;
#1545 = ORIENTED_EDGE ( 'NONE', *, *, #694, .F. ) ;
#1546 = CARTESIAN_POINT ( 'NONE',  ( 0.3049999999999999933, 3.160000000000000142, -0.7500000000000000000 ) ) ;
#1547 = DIRECTION ( 'NONE',  ( 0.000000000000000000, -0.000000000000000000, 1.000000000000000000 ) ) ;
#1548 = EDGE_CURVE ( 'NONE', #1919, #1600, #412, .T. ) ;
#1549 = LINE ( 'NONE', #636, #1022 ) ;
#1550 = PRESENTATION_LAYER_ASSIGNMENT (  '', '', ( #1611 ) ) ;
#1551 = CARTESIAN_POINT ( 'NONE',  ( 1.589999999999999414, -3.059999999999999165, -0.3199999999999975642 ) ) ;
#1552 = EDGE_LOOP ( 'NONE', ( #881, #987, #581, #1918 ) ) ;
#1553 = ORIENTED_EDGE ( 'NONE', *, *, #1569, .F. ) ;
#1554 = LINE ( 'NONE', #377, #487 ) ;
#1555 = CARTESIAN_POINT ( 'NONE',  ( -2.109999999999999876, 0.6400000000000000133, 2.919999999999999929 ) ) ;
#1556 = ADVANCED_FACE ( 'NONE', ( #392 ), #1275, .T. ) ;
#1557 = CARTESIAN_POINT ( 'NONE',  ( 1.589999999999997637, 10.16000000000000014, -0.3199999999999994515 ) ) ;
#1558 = COLOUR_RGB ( '',0.7921568627450980005, 0.8196078431372548767, 0.9333333333333333481 ) ;
#1559 = PLANE ( 'NONE',  #236 ) ;
#1560 = EDGE_CURVE ( 'NONE', #1941, #827, #1148, .T. ) ;
#1561 = VECTOR ( 'NONE', #1925, 1000.000000000000000 ) ;
#1562 = AXIS2_PLACEMENT_3D ( 'NONE', #1790, #1492, #437 ) ;
#1563 = ORIENTED_EDGE ( 'NONE', *, *, #388, .T. ) ;
#1564 = CARTESIAN_POINT ( 'NONE',  ( -1.270000000000000018, 10.94999999999999929, -1.879999999999999893 ) ) ;
#1565 = LINE ( 'NONE', #498, #1277 ) ;
#1566 = CARTESIAN_POINT ( 'NONE',  ( 0.9970223243003001334, 11.69999999999999929, -1.879999999999999893 ) ) ;
#1567 = CARTESIAN_POINT ( 'NONE',  ( -1.390000000000001235, 10.66000000000000192, -0.1200000000000025352 ) ) ;
#1568 = CARTESIAN_POINT ( 'NONE',  ( 0.9970223243003001334, 11.69999999999999929, -1.879999999999999893 ) ) ;
#1569 = EDGE_CURVE ( 'NONE', #911, #1881, #714, .T. ) ;
#1570 = ORIENTED_EDGE ( 'NONE', *, *, #1486, .F. ) ;
#1571 = CARTESIAN_POINT ( 'NONE',  ( 0.9499999999999999556, 0.6400000000000000133, 0.02000000000000005246 ) ) ;
#1572 = DIRECTION ( 'NONE',  ( 1.000000000000000000, -0.000000000000000000, 0.000000000000000000 ) ) ;
#1573 = PLANE ( 'NONE',  #1365 ) ;
#1574 = CARTESIAN_POINT ( 'NONE',  ( 0.9500000000000011768, 10.16000000000000014, -0.3199999999999977307 ) ) ;
#1575 = PLANE ( 'NONE',  #453 ) ;
#1576 = PLANE ( 'NONE',  #875 ) ;
#1577 = AXIS2_PLACEMENT_3D ( 'NONE', #884, #1934, #451 ) ;
#1578 = EDGE_CURVE ( 'NONE', #1740, #1691, #993, .T. ) ;
#1579 = VERTEX_POINT ( 'NONE', #1574 ) ;
#1580 = LINE ( 'NONE', #1571, #682 ) ;
#1581 = EDGE_CURVE ( 'NONE', #303, #1299, #1764, .T. ) ;
#1582 = CARTESIAN_POINT ( 'NONE',  ( 0.9499999999999999556, 1.580000000000000071, 0.02000000000000005246 ) ) ;
#1583 = LINE ( 'NONE', #1456, #544 ) ;
#1584 = ORIENTED_EDGE ( 'NONE', *, *, #1048, .F. ) ;
#1585 = DIRECTION ( 'NONE',  ( -0.9284766908852659650, -0.3713906763540870126, 0.000000000000000000 ) ) ;
#1586 = LINE ( 'NONE', #847, #1624 ) ;
#1587 = DIRECTION ( 'NONE',  ( 0.000000000000000000, -1.000000000000000000, -0.000000000000000000 ) ) ;
#1588 = VECTOR ( 'NONE', #1820, 1000.000000000000000 ) ;
#1589 = VECTOR ( 'NONE', #1015, 1000.000000000000000 ) ;
#1590 = VECTOR ( 'NONE', #1041, 1000.000000000000000 ) ;
#1591 = ORIENTED_EDGE ( 'NONE', *, *, #1860, .F. ) ;
#1592 = EDGE_CURVE ( 'NONE', #1467, #650, #1304, .T. ) ;
#1593 = DIRECTION ( 'NONE',  ( -1.000000000000000000, -0.000000000000000000, -0.000000000000000000 ) ) ;
#1594 = EDGE_LOOP ( 'NONE', ( #176, #1301, #1101, #754 ) ) ;
#1595 = EDGE_LOOP ( 'NONE', ( #1072, #314, #1380, #849 ) ) ;
#1596 = EDGE_CURVE ( 'NONE', #1949, #1525, #523, .T. ) ;
#1597 = LINE ( 'NONE', #833, #1836 ) ;
#1598 = CARTESIAN_POINT ( 'NONE',  ( 1.270000000000000018, 5.450000000000000178, -1.879999999999999893 ) ) ;
#1599 = LINE ( 'NONE', #249, #1657 ) ;
#1600 = VERTEX_POINT ( 'NONE', #1160 ) ;
#1601 = LINE ( 'NONE', #1463, #715 ) ;
#1602 = ORIENTED_EDGE ( 'NONE', *, *, #965, .T. ) ;
#1603 = FACE_OUTER_BOUND ( 'NONE', #1595, .T. ) ;
#1604 = ORIENTED_EDGE ( 'NONE', *, *, #1885, .T. ) ;
#1605 = ADVANCED_FACE ( 'NONE', ( #1139 ), #1429, .T. ) ;
#1606 = LINE ( 'NONE', #403, #830 ) ;
#1607 = CARTESIAN_POINT ( 'NONE',  ( -0.3049999999999999933, 3.160000000000000142, -0.7500000000000000000 ) ) ;
#1608 = LINE ( 'NONE', #258, #1315 ) ;
#1609 = ORIENTED_EDGE ( 'NONE', *, *, #1392, .F. ) ;
#1610 = DIRECTION ( 'NONE',  ( -0.000000000000000000, 1.000000000000000000, -0.000000000000000000 ) ) ;
#1611 = STYLED_ITEM ( 'NONE', ( #154 ), #1688 ) ;
#1612 = ORIENTED_EDGE ( 'NONE', *, *, #534, .F. ) ;
#1613 =( GEOMETRIC_REPRESENTATION_CONTEXT ( 3 ) GLOBAL_UNCERTAINTY_ASSIGNED_CONTEXT ( ( #515 ) ) GLOBAL_UNIT_ASSIGNED_CONTEXT ( ( #409, #143, #723 ) ) REPRESENTATION_CONTEXT ( 'NONE', 'WORKASPACE' ) );
#1614 = ORIENTED_EDGE ( 'NONE', *, *, #697, .T. ) ;
#1615 = CARTESIAN_POINT ( 'NONE',  ( -0.4299999999999999933, 0.6400000000000000133, 2.919999999999999929 ) ) ;
#1616 = CARTESIAN_POINT ( 'NONE',  ( 1.390000000000002345, -3.560000000000002274, 0.1199999999999933481 ) ) ;
#1617 = EDGE_CURVE ( 'NONE', #125, #1350, #1458, .T. ) ;
#1618 = CARTESIAN_POINT ( 'NONE',  ( 0.9499999999999999556, -3.060000000000000053, 0.02000000000000005246 ) ) ;
#1619 = EDGE_CURVE ( 'NONE', #112, #1204, #1606, .T. ) ;
#1620 = EDGE_LOOP ( 'NONE', ( #579, #657, #1214, #1071 ) ) ;
#1621 = AXIS2_PLACEMENT_3D ( 'NONE', #1787, #618, #298 ) ;
#1622 = DIRECTION ( 'NONE',  ( 1.000000000000000000, 0.000000000000000000, 0.000000000000000000 ) ) ;
#1623 = ORIENTED_EDGE ( 'NONE', *, *, #1296, .F. ) ;
#1624 = VECTOR ( 'NONE', #716, 1000.000000000000000 ) ;
#1625 =( NAMED_UNIT ( * ) SI_UNIT ( $, .STERADIAN. ) SOLID_ANGLE_UNIT ( ) );
#1626 = ORIENTED_EDGE ( 'NONE', *, *, #257, .F. ) ;
#1627 = VECTOR ( 'NONE', #995, 1000.000000000000000 ) ;
#1628 =( NAMED_UNIT ( * ) PLANE_ANGLE_UNIT ( ) SI_UNIT ( $, .RADIAN. ) );
#1629 = DIRECTION ( 'NONE',  ( 0.9284766908852659650, 0.3713906763540870126, 0.000000000000000000 ) ) ;
#1630 = LINE ( 'NONE', #596, #1068 ) ;
#1631 = ADVANCED_FACE ( 'NONE', ( #1316 ), #371, .T. ) ;
#1632 = VERTEX_POINT ( 'NONE', #1743 ) ;
#1633 = FACE_OUTER_BOUND ( 'NONE', #913, .T. ) ;
#1634 = ORIENTED_EDGE ( 'NONE', *, *, #805, .F. ) ;
#1635 = ORIENTED_EDGE ( 'NONE', *, *, #1461, .F. ) ;
#1636 = CARTESIAN_POINT ( 'NONE',  ( -0.9499999999999999556, 3.160000000000000142, 0.02000000000000005246 ) ) ;
#1637 = FACE_OUTER_BOUND ( 'NONE', #1485, .T. ) ;
#1638 = LINE ( 'NONE', #1364, #1281 ) ;
#1639 = CARTESIAN_POINT ( 'NONE',  ( -1.270000000000000018, 6.980000000000033289, -1.349999999999941913 ) ) ;
#1640 = VERTEX_POINT ( 'NONE', #1023 ) ;
#1641 = CARTESIAN_POINT ( 'NONE',  ( -1.270000000000000018, 3.760000000000000231, -1.880000000000000115 ) ) ;
#1642 = EDGE_CURVE ( 'NONE', #633, #1525, #215, .T. ) ;
#1643 = ORIENTED_EDGE ( 'NONE', *, *, #217, .F. ) ;
#1644 = VECTOR ( 'NONE', #1696, 1000.000000000000000 ) ;
#1645 = EDGE_LOOP ( 'NONE', ( #260, #810, #375, #1643 ) ) ;
#1646 = EDGE_CURVE ( 'NONE', #740, #1327, #1487, .T. ) ;
#1647 = CARTESIAN_POINT ( 'NONE',  ( -0.9499999999999999556, -3.060000000000000053, 0.02000000000000005246 ) ) ;
#1648 = CARTESIAN_POINT ( 'NONE',  ( 0.9970223243003001334, 11.69999999999999929, -1.879999999999999893 ) ) ;
#1649 = LINE ( 'NONE', #1085, #968 ) ;
#1650 = ORIENTED_EDGE ( 'NONE', *, *, #1828, .F. ) ;
#1651 = CARTESIAN_POINT ( 'NONE',  ( -1.590000000000000080, 1.580000000000000071, 0.02000000000000005246 ) ) ;
#1652 = ORIENTED_EDGE ( 'NONE', *, *, #1405, .F. ) ;
#1653 = AXIS2_PLACEMENT_3D ( 'NONE', #348, #372, #959 ) ;
#1654 = VERTEX_POINT ( 'NONE', #1063 ) ;
#1655 = VECTOR ( 'NONE', #575, 1000.000000000000000 ) ;
#1656 = EDGE_CURVE ( 'NONE', #1210, #650, #114, .T. ) ;
#1657 = VECTOR ( 'NONE', #1953, 1000.000000000000000 ) ;
#1658 = LINE ( 'NONE', #1352, #621 ) ;
#1659 = DIRECTION ( 'NONE',  ( -0.000000000000000000, 1.000000000000000000, -0.000000000000000000 ) ) ;
#1660 = LINE ( 'NONE', #767, #1588 ) ;
#1661 = ORIENTED_EDGE ( 'NONE', *, *, #505, .T. ) ;
#1662 = CARTESIAN_POINT ( 'NONE',  ( 1.270000000000000018, 10.66000000000000369, 0.1200000000000037842 ) ) ;
#1663 = VERTEX_POINT ( 'NONE', #1931 ) ;
#1664 = VERTEX_POINT ( 'NONE', #573 ) ;
#1665 = FACE_OUTER_BOUND ( 'NONE', #454, .T. ) ;
#1666 = LINE ( 'NONE', #1647, #1312 ) ;
#1667 = ADVANCED_FACE ( 'NONE', ( #1341 ), #733, .T. ) ;
#1668 = PLANE ( 'NONE',  #364 ) ;
#1669 = CARTESIAN_POINT ( 'NONE',  ( -1.270000000000000018, 5.980000000000000426, -1.350000000000000089 ) ) ;
#1670 = ORIENTED_EDGE ( 'NONE', *, *, #38, .F. ) ;
#1671 = DIRECTION ( 'NONE',  ( -0.3713906763540870126, 0.9284766908852659650, 0.000000000000000000 ) ) ;
#1672 = ORIENTED_EDGE ( 'NONE', *, *, #548, .T. ) ;
#1673 = ORIENTED_EDGE ( 'NONE', *, *, #1656, .F. ) ;
#1674 = DIRECTION ( 'NONE',  ( -0.3481553119113799388, -0.8703882797784950887, -0.3481553119113965922 ) ) ;
#1675 = CARTESIAN_POINT ( 'NONE',  ( 0.9500000000000011768, 0.6399999999999999023, -0.3199999999999977307 ) ) ;
#1676 = VECTOR ( 'NONE', #1294, 1000.000000000000000 ) ;
#1677 = PLANE ( 'NONE',  #1834 ) ;
#1678 = VECTOR ( 'NONE', #70, 1000.000000000000000 ) ;
#1679 = FACE_OUTER_BOUND ( 'NONE', #539, .T. ) ;
#1680 = ADVANCED_FACE ( 'NONE', ( #265 ), #903, .T. ) ;
#1681 = CARTESIAN_POINT ( 'NONE',  ( 2.109999999999999876, 0.6400000000000000133, 2.919999999999999929 ) ) ;
#1682 = ORIENTED_EDGE ( 'NONE', *, *, #1307, .F. ) ;
#1683 = ORIENTED_EDGE ( 'NONE', *, *, #330, .T. ) ;
#1684 = DIRECTION ( 'NONE',  ( -0.000000000000000000, 1.000000000000000000, 0.000000000000000000 ) ) ;
#1685 = DIRECTION ( 'NONE',  ( -0.000000000000000000, 1.000000000000000000, -0.000000000000000000 ) ) ;
#1686 = AXIS2_PLACEMENT_3D ( 'NONE', #1607, #256, #865 ) ;
#1687 = PLANE ( 'NONE',  #360 ) ;
#1688 = MANIFOLD_SOLID_BREP ( 'Body-Move/Copy2[2]', #586 ) ;
#1689 = LINE ( 'NONE', #1681, #1534 ) ;
#1690 = EDGE_CURVE ( 'NONE', #662, #537, #1478, .T. ) ;
#1691 = VERTEX_POINT ( 'NONE', #1185 ) ;
#1692 = EDGE_LOOP ( 'NONE', ( #1877, #1234, #1311, #724 ) ) ;
#1693 = CARTESIAN_POINT ( 'NONE',  ( -0.9500000000000022871, 10.16000000000000014, 0.3199999999999994515 ) ) ;
#1694 = DIRECTION ( 'NONE',  ( 1.000000000000000000, -0.000000000000000000, 0.000000000000000000 ) ) ;
#1695 = MANIFOLD_SOLID_BREP ( 'Body-Move/Copy2[1]', #175 ) ;
#1696 = DIRECTION ( 'NONE',  ( -1.000000000000000000, 0.000000000000000000, -0.000000000000000000 ) ) ;
#1697 = FACE_OUTER_BOUND ( 'NONE', #1773, .T. ) ;
#1698 = CARTESIAN_POINT ( 'NONE',  ( -0.3049999999999999933, 3.160000000000000142, -0.7500000000000000000 ) ) ;
#1699 = DIRECTION ( 'NONE',  ( -0.000000000000000000, -1.000000000000000000, 0.000000000000000000 ) ) ;
#1700 = ORIENTED_EDGE ( 'NONE', *, *, #1240, .F. ) ;
#1701 = EDGE_CURVE ( 'NONE', #1749, #275, #431, .T. ) ;
#1702 = DIRECTION ( 'NONE',  ( 0.3481553119113940387, 0.8703882797784959768, 0.3481553119113802719 ) ) ;
#1703 = FACE_OUTER_BOUND ( 'NONE', #785, .T. ) ;
#1704 = ORIENTED_EDGE ( 'NONE', *, *, #1192, .T. ) ;
#1705 = EDGE_CURVE ( 'NONE', #14, #1397, #353, .T. ) ;
#1706 = DIRECTION ( 'NONE',  ( 0.3713906763540870126, 0.9284766908852659650, 0.000000000000000000 ) ) ;
#1707 = VECTOR ( 'NONE', #1265, 1000.000000000000000 ) ;
#1708 = LINE ( 'NONE', #1239, #1095 ) ;
#1709 = ORIENTED_EDGE ( 'NONE', *, *, #944, .F. ) ;
#1710 = DIRECTION ( 'NONE',  ( -0.3481553119113797723, -0.8703882797784951997, -0.3481553119113965922 ) ) ;
#1711 = PLANE ( 'NONE',  #780 ) ;
#1712 = CARTESIAN_POINT ( 'NONE',  ( -1.050000000000000044, -3.309999999999999609, 5.082197683525802034E-17 ) ) ;
#1713 = ADVANCED_FACE ( 'NONE', ( #1400 ), #44, .T. ) ;
#1714 = DIRECTION ( 'NONE',  ( 1.000000000000000000, 0.000000000000000000, -0.000000000000000000 ) ) ;
#1715 = AXIS2_PLACEMENT_3D ( 'NONE', #967, #1724, #1105 ) ;
#1716 = CARTESIAN_POINT ( 'NONE',  ( 0.3050000000000000488, 3.160000000000000142, -0.7499999999999998890 ) ) ;
#1717 = CIRCLE ( 'NONE', #811, 0.5999999999999999778 ) ;
#1718 = VECTOR ( 'NONE', #1587, 1000.000000000000000 ) ;
#1719 = VERTEX_POINT ( 'NONE', #1244 ) ;
#1720 = PLANE ( 'NONE',  #1278 ) ;
#1721 = CARTESIAN_POINT ( 'NONE',  ( -0.3050000000000001599, 3.160000000000000142, -2.879999999999999893 ) ) ;
#1722 = DIRECTION ( 'NONE',  ( -1.000000000000000000, 0.000000000000000000, 0.000000000000000000 ) ) ;
#1723 = DIRECTION ( 'NONE',  ( 0.3713906763540870126, -0.9284766908852659650, 0.000000000000000000 ) ) ;
#1724 = DIRECTION ( 'NONE',  ( -0.000000000000000000, 0.000000000000000000, 1.000000000000000000 ) ) ;
#1725 = EDGE_CURVE ( 'NONE', #911, #1832, #1843, .T. ) ;
#1726 = FACE_OUTER_BOUND ( 'NONE', #582, .T. ) ;
#1727 = ORIENTED_EDGE ( 'NONE', *, *, #1734, .T. ) ;
#1728 = LINE ( 'NONE', #1888, #1407 ) ;
#1729 = CARTESIAN_POINT ( 'NONE',  ( 0.3050000000000000488, 0.000000000000000000, 0.7499999999999998890 ) ) ;
#1730 = EDGE_LOOP ( 'NONE', ( #1203, #503, #970, #738 ) ) ;
#1731 = CARTESIAN_POINT ( 'NONE',  ( 1.270000000000000018, 10.41000000000000014, 0.2200000000000000566 ) ) ;
#1732 = LINE ( 'NONE', #1286, #16 ) ;
#1733 = CARTESIAN_POINT ( 'NONE',  ( 2.540000000000000036, 1.580000000000000071, 2.919999999999999929 ) ) ;
#1734 = EDGE_CURVE ( 'NONE', #14, #1579, #775, .T. ) ;
#1735 = AXIS2_PLACEMENT_3D ( 'NONE', #1731, #1914, #824 ) ;
#1736 = PRODUCT_DEFINITION_FORMATION_WITH_SPECIFIED_SOURCE ( 'ANY', '', #688, .NOT_KNOWN. ) ;
#1737 = EDGE_CURVE ( 'NONE', #633, #979, #1518, .T. ) ;
#1738 = EDGE_LOOP ( 'NONE', ( #812, #486, #152, #476 ) ) ;
#1739 = DIRECTION ( 'NONE',  ( 0.000000000000000000, 0.000000000000000000, -1.000000000000000000 ) ) ;
#1740 = VERTEX_POINT ( 'NONE', #167 ) ;
#1741 = LINE ( 'NONE', #530, #1928 ) ;
#1742 = ORIENTED_EDGE ( 'NONE', *, *, #48, .T. ) ;
#1743 = CARTESIAN_POINT ( 'NONE',  ( -1.390000000000002345, -3.560000000000000497, -0.1200000000000010780 ) ) ;
#1744 = LINE ( 'NONE', #1317, #1655 ) ;
#1745 = CARTESIAN_POINT ( 'NONE',  ( -0.4299999999999999933, 0.6400000000000000133, 2.919999999999999929 ) ) ;
#1746 = AXIS2_PLACEMENT_3D ( 'NONE', #1669, #630, #1797 ) ;
#1747 = VECTOR ( 'NONE', #140, 1000.000000000000000 ) ;
#1748 = AXIS2_PLACEMENT_3D ( 'NONE', #1651, #1831, #1070 ) ;
#1749 = VERTEX_POINT ( 'NONE', #964 ) ;
#1750 = PLANE ( 'NONE',  #969 ) ;
#1751 = EDGE_CURVE ( 'NONE', #570, #1012, #178, .T. ) ;
#1752 = ORIENTED_EDGE ( 'NONE', *, *, #402, .F. ) ;
#1753 = FACE_OUTER_BOUND ( 'NONE', #1145, .T. ) ;
#1754 = ORIENTED_EDGE ( 'NONE', *, *, #1051, .T. ) ;
#1755 = CARTESIAN_POINT ( 'NONE',  ( -1.489999999999999991, -3.309999999999999609, -1.994593184194426438E-14 ) ) ;
#1756 = PRESENTATION_STYLE_ASSIGNMENT (( #1430 ) ) ;
#1757 = LINE ( 'NONE', #1618, #558 ) ;
#1758 = APPLICATION_CONTEXT ( 'automotive_design' ) ;
#1759 = VERTEX_POINT ( 'NONE', #936 ) ;
#1760 = DIRECTION ( 'NONE',  ( -1.000000000000000000, -0.000000000000000000, 0.000000000000000000 ) ) ;
#1761 = EDGE_LOOP ( 'NONE', ( #1866, #357, #1225, #931 ) ) ;
#1762 = SURFACE_STYLE_USAGE ( .BOTH. , #129 ) ;
#1763 = ORIENTED_EDGE ( 'NONE', *, *, #2, .F. ) ;
#1764 = LINE ( 'NONE', #1013, #1363 ) ;
#1765 = ADVANCED_FACE ( 'NONE', ( #653 ), #204, .F. ) ;
#1766 = FILL_AREA_STYLE_COLOUR ( '', #1558 ) ;
#1767 = DIRECTION ( 'NONE',  ( -0.000000000000000000, -1.000000000000000000, -0.000000000000000000 ) ) ;
#1768 = ORIENTED_EDGE ( 'NONE', *, *, #58, .T. ) ;
#1769 = FACE_OUTER_BOUND ( 'NONE', #488, .T. ) ;
#1770 = VECTOR ( 'NONE', #235, 1000.000000000000000 ) ;
#1771 = ORIENTED_EDGE ( 'NONE', *, *, #1014, .F. ) ;
#1772 = VECTOR ( 'NONE', #17, 1000.000000000000000 ) ;
#1773 = EDGE_LOOP ( 'NONE', ( #1009, #623, #282, #897 ) ) ;
#1774 = DIRECTION ( 'NONE',  ( 1.000000000000000000, 0.000000000000000000, 0.000000000000000000 ) ) ;
#1775 = ADVANCED_FACE ( 'NONE', ( #1391, #1703 ), #1103, .T. ) ;
#1776 = CARTESIAN_POINT ( 'NONE',  ( 1.390000000000002567, 10.66000000000000192, 0.1199999999999934869 ) ) ;
#1777 = ORIENTED_EDGE ( 'NONE', *, *, #130, .T. ) ;
#1778 = VECTOR ( 'NONE', #1282, 1000.000000000000000 ) ;
#1779 = DIRECTION ( 'NONE',  ( 1.000000000000000000, 0.000000000000000000, -0.000000000000000000 ) ) ;
#1780 = ORIENTED_EDGE ( 'NONE', *, *, #1154, .F. ) ;
#1781 = VECTOR ( 'NONE', #1384, 1000.000000000000000 ) ;
#1782 = EDGE_LOOP ( 'NONE', ( #1609, #1553, #443, #332 ) ) ;
#1783 = VECTOR ( 'NONE', #1088, 1000.000000000000000 ) ;
#1784 = CARTESIAN_POINT ( 'NONE',  ( -2.109999999999999876, 0.6399999999999999023, 2.919999999999999929 ) ) ;
#1785 = CARTESIAN_POINT ( 'NONE',  ( -1.590000000000000080, 10.16000000000000014, -0.3199999999999999512 ) ) ;
#1786 = EDGE_CURVE ( 'NONE', #305, #479, #1412, .T. ) ;
#1787 = CARTESIAN_POINT ( 'NONE',  ( 0.9499999999999999556, 10.66000000000000014, -0.3199999999999999512 ) ) ;
#1788 = EDGE_CURVE ( 'NONE', #110, #99, #787, .T. ) ;
#1789 = ORIENTED_EDGE ( 'NONE', *, *, #998, .F. ) ;
#1790 = CARTESIAN_POINT ( 'NONE',  ( -2.109999999999999876, 0.6400000000000000133, 2.919999999999999929 ) ) ;
#1791 = ORIENTED_EDGE ( 'NONE', *, *, #1896, .T. ) ;
#1792 = DIRECTION ( 'NONE',  ( 0.000000000000000000, 0.000000000000000000, 1.000000000000000000 ) ) ;
#1793 = ORIENTED_EDGE ( 'NONE', *, *, #1100, .F. ) ;
#1794 = FILL_AREA_STYLE_COLOUR ( '', #735 ) ;
#1795 = CARTESIAN_POINT ( 'NONE',  ( -1.149999999999999911, -3.559999999999999609, 0.3200000000000000067 ) ) ;
#1796 = DIRECTION ( 'NONE',  ( -0.000000000000000000, 0.000000000000000000, -1.000000000000000000 ) ) ;
#1797 = DIRECTION ( 'NONE',  ( 0.000000000000000000, -0.7071067811865474617, -0.7071067811865474617 ) ) ;
#1798 = ADVANCED_FACE ( 'NONE', ( #948 ), #346, .T. ) ;
#1799 = ORIENTED_EDGE ( 'NONE', *, *, #613, .T. ) ;
#1800 = CARTESIAN_POINT ( 'NONE',  ( -1.390000000000001235, 10.66000000000000369, 0.1199999999999969286 ) ) ;
#1801 = ADVANCED_FACE ( 'NONE', ( #187 ), #1826, .F. ) ;
#1802 = ORIENTED_EDGE ( 'NONE', *, *, #344, .F. ) ;
#1803 = VECTOR ( 'NONE', #145, 1000.000000000000000 ) ;
#1804 = ORIENTED_EDGE ( 'NONE', *, *, #38, .T. ) ;
#1805 = SURFACE_STYLE_USAGE ( .BOTH. , #1205 ) ;
#1806 = DIRECTION ( 'NONE',  ( -0.000000000000000000, -0.000000000000000000, -1.000000000000000000 ) ) ;
#1807 = FACE_OUTER_BOUND ( 'NONE', #1645, .T. ) ;
#1808 = CARTESIAN_POINT ( 'NONE',  ( -2.540000000000000036, 0.000000000000000000, -2.879999999999999893 ) ) ;
#1809 = EDGE_LOOP ( 'NONE', ( #1021, #1151, #343, #1612 ) ) ;
#1810 = PLANE ( 'NONE',  #1468 ) ;
#1811 = ORIENTED_EDGE ( 'NONE', *, *, #534, .T. ) ;
#1812 = STYLED_ITEM ( 'NONE', ( #1756 ), #385 ) ;
#1813 = ORIENTED_EDGE ( 'NONE', *, *, #217, .T. ) ;
#1814 = ADVANCED_FACE ( 'NONE', ( #1665 ), #924, .F. ) ;
#1815 = VECTOR ( 'NONE', #111, 1000.000000000000000 ) ;
#1816 = SURFACE_SIDE_STYLE ('',( #1361 ) ) ;
#1817 = VECTOR ( 'NONE', #422, 1000.000000000000000 ) ;
#1818 = DIRECTION ( 'NONE',  ( 0.000000000000000000, 0.000000000000000000, 1.000000000000000000 ) ) ;
#1819 = LINE ( 'NONE', #463, #426 ) ;
#1820 = DIRECTION ( 'NONE',  ( 1.000000000000000000, 0.000000000000000000, 0.000000000000000000 ) ) ;
#1821 = ORIENTED_EDGE ( 'NONE', *, *, #435, .T. ) ;
#1822 = DIRECTION ( 'NONE',  ( 0.000000000000000000, -1.000000000000000000, -0.000000000000000000 ) ) ;
#1823 = ORIENTED_EDGE ( 'NONE', *, *, #257, .T. ) ;
#1824 = ORIENTED_EDGE ( 'NONE', *, *, #1737, .F. ) ;
#1825 = ADVANCED_FACE ( 'NONE', ( #478 ), #1092, .T. ) ;
#1826 = PLANE ( 'NONE',  #512 ) ;
#1827 = PLANE ( 'NONE',  #1939 ) ;
#1828 = EDGE_CURVE ( 'NONE', #1640, #367, #1854, .T. ) ;
#1829 = FACE_OUTER_BOUND ( 'NONE', #1462, .T. ) ;
#1830 = DIRECTION ( 'NONE',  ( -0.000000000000000000, -0.000000000000000000, 1.000000000000000000 ) ) ;
#1831 = DIRECTION ( 'NONE',  ( 1.000000000000000000, 0.000000000000000000, 0.000000000000000000 ) ) ;
#1832 = VERTEX_POINT ( 'NONE', #671 ) ;
#1833 = ORIENTED_EDGE ( 'NONE', *, *, #15, .T. ) ;
#1834 = AXIS2_PLACEMENT_3D ( 'NONE', #181, #643, #1706 ) ;
#1835 = DIRECTION ( 'NONE',  ( 0.000000000000000000, 0.000000000000000000, -1.000000000000000000 ) ) ;
#1836 = VECTOR ( 'NONE', #1131, 1000.000000000000000 ) ;
#1837 = DIRECTION ( 'NONE',  ( 0.000000000000000000, 1.000000000000000000, 0.000000000000000000 ) ) ;
#1838 = DIRECTION ( 'NONE',  ( 1.000000000000000000, -0.000000000000000000, 0.000000000000000000 ) ) ;
#1839 = EDGE_CURVE ( 'NONE', #349, #78, #1446, .T. ) ;
#1840 = LINE ( 'NONE', #951, #18 ) ;
#1841 = ORIENTED_EDGE ( 'NONE', *, *, #930, .T. ) ;
#1842 = ORIENTED_EDGE ( 'NONE', *, *, #157, .T. ) ;
#1843 = LINE ( 'NONE', #794, #1207 ) ;
#1844 = VECTOR ( 'NONE', #628, 1000.000000000000000 ) ;
#1845 = DIRECTION ( 'NONE',  ( 0.000000000000000000, 0.000000000000000000, -1.000000000000000000 ) ) ;
#1846 = VECTOR ( 'NONE', #30, 1000.000000000000000 ) ;
#1847 = LINE ( 'NONE', #1421, #1152 ) ;
#1848 = ADVANCED_FACE ( 'NONE', ( #1753 ), #378, .T. ) ;
#1849 = DIRECTION ( 'NONE',  ( 1.000000000000000000, 0.000000000000000000, -0.000000000000000000 ) ) ;
#1850 = LINE ( 'NONE', #1261, #203 ) ;
#1851 = ADVANCED_FACE ( 'NONE', ( #823 ), #711, .T. ) ;
#1852 = EDGE_LOOP ( 'NONE', ( #1545, #1457, #1754, #610 ) ) ;
#1853 = DIRECTION ( 'NONE',  ( 0.000000000000000000, -1.000000000000000000, -0.000000000000000000 ) ) ;
#1854 = LINE ( 'NONE', #499, #1455 ) ;
#1855 = DIRECTION ( 'NONE',  ( -1.000000000000000000, -0.000000000000000000, -0.000000000000000000 ) ) ;
#1856 = DIRECTION ( 'NONE',  ( -1.000000000000000000, -0.000000000000000000, -0.000000000000000000 ) ) ;
#1857 = DIRECTION ( 'NONE',  ( 0.000000000000000000, -0.000000000000000000, -1.000000000000000000 ) ) ;
#1858 = ORIENTED_EDGE ( 'NONE', *, *, #1381, .T. ) ;
#1859 = DIRECTION ( 'NONE',  ( 1.000000000000000000, 0.000000000000000000, 0.000000000000000000 ) ) ;
#1860 = EDGE_CURVE ( 'NONE', #59, #78, #243, .T. ) ;
#1861 = DIRECTION ( 'NONE',  ( 1.000000000000000000, 0.000000000000000000, 0.000000000000000000 ) ) ;
#1862 = CARTESIAN_POINT ( 'NONE',  ( -1.590000000000000080, 10.16000000000000014, 0.02000000000000005246 ) ) ;
#1863 = LINE ( 'NONE', #1385, #1644 ) ;
#1864 = AXIS2_PLACEMENT_3D ( 'NONE', #1266, #28, #1084 ) ;
#1865 = LINE ( 'NONE', #1873, #391 ) ;
#1866 = ORIENTED_EDGE ( 'NONE', *, *, #707, .F. ) ;
#1867 = LINE ( 'NONE', #517, #942 ) ;
#1868 = PLANE ( 'NONE',  #137 ) ;
#1869 = DIRECTION ( 'NONE',  ( 0.000000000000000000, -0.000000000000000000, -1.000000000000000000 ) ) ;
#1870 = ADVANCED_FACE ( 'NONE', ( #1010 ), #62, .T. ) ;
#1871 = CARTESIAN_POINT ( 'NONE',  ( -1.270000000000000018, 5.980000000000000426, -1.350000000000000089 ) ) ;
#1872 = AXIS2_PLACEMENT_3D ( 'NONE', #329, #1191, #1047 ) ;
#1873 = CARTESIAN_POINT ( 'NONE',  ( -1.590000000000000080, 0.6400000000000001243, -0.3199999999999999512 ) ) ;
#1874 = AXIS2_PLACEMENT_3D ( 'NONE', #1488, #146, #296 ) ;
#1875 = CARTESIAN_POINT ( 'NONE',  ( -1.270000000000000018, 3.160000000000000142, 0.02000000000000005246 ) ) ;
#1876 = AXIS2_PLACEMENT_3D ( 'NONE', #169, #441, #1502 ) ;
#1877 = ORIENTED_EDGE ( 'NONE', *, *, #1298, .F. ) ;
#1878 = CARTESIAN_POINT ( 'NONE',  ( 1.270000000000000906, 7.897986928012000085, -1.879999999999999893 ) ) ;
#1879 = CARTESIAN_POINT ( 'NONE',  ( -1.270000000000000018, 7.897986928012000085, -1.879999999999999671 ) ) ;
#1880 = DIRECTION ( 'NONE',  ( -0.000000000000000000, 0.000000000000000000, 1.000000000000000000 ) ) ;
#1881 = VERTEX_POINT ( 'NONE', #852 ) ;
#1882 = ADVANCED_FACE ( 'NONE', ( #1603 ), #361, .F. ) ;
#1883 = CARTESIAN_POINT ( 'NONE',  ( -2.540000000000000036, 3.160000000000000142, 2.919999999999999929 ) ) ;
#1884 = SURFACE_SIDE_STYLE ('',( #85 ) ) ;
#1885 = EDGE_CURVE ( 'NONE', #40, #1749, #991, .T. ) ;
#1886 = LINE ( 'NONE', #239, #1627 ) ;
#1887 = EDGE_LOOP ( 'NONE', ( #591, #1451, #888, #1443 ) ) ;
#1888 = CARTESIAN_POINT ( 'NONE',  ( 0.9499999999999999556, 3.159999999999999698, -0.3199999999999999512 ) ) ;
#1889 = EDGE_LOOP ( 'NONE', ( #144, #1223, #475, #620, #430, #1682, #564, #1841, #675 ) ) ;
#1890 = FACE_OUTER_BOUND ( 'NONE', #467, .T. ) ;
#1891 = ORIENTED_EDGE ( 'NONE', *, *, #571, .F. ) ;
#1892 = CARTESIAN_POINT ( 'NONE',  ( -1.270000000000000018, 10.66000000000000192, -0.1200000000000050887 ) ) ;
#1893 = FACE_OUTER_BOUND ( 'NONE', #1303, .T. ) ;
#1894 = DIRECTION ( 'NONE',  ( 0.000000000000000000, 0.000000000000000000, -1.000000000000000000 ) ) ;
#1895 =( GEOMETRIC_REPRESENTATION_CONTEXT ( 3 ) GLOBAL_UNCERTAINTY_ASSIGNED_CONTEXT ( ( #1406 ) ) GLOBAL_UNIT_ASSIGNED_CONTEXT ( ( #743, #420, #295 ) ) REPRESENTATION_CONTEXT ( 'NONE', 'WORKASPACE' ) );
#1896 = EDGE_CURVE ( 'NONE', #99, #934, #1419, .T. ) ;
#1897 = ORIENTED_EDGE ( 'NONE', *, *, #1619, .T. ) ;
#1898 = DIRECTION ( 'NONE',  ( 1.000000000000000000, 0.000000000000000000, -0.000000000000000000 ) ) ;
#1899 = ORIENTED_EDGE ( 'NONE', *, *, #707, .T. ) ;
#1900 = CARTESIAN_POINT ( 'NONE',  ( -1.270000000000000018, 7.897986928012000085, -1.879999999999999893 ) ) ;
#1901 = ORIENTED_EDGE ( 'NONE', *, *, #1356, .F. ) ;
#1902 = DIRECTION ( 'NONE',  ( 0.000000000000000000, 0.000000000000000000, -1.000000000000000000 ) ) ;
#1903 = CARTESIAN_POINT ( 'NONE',  ( -0.9499999999999999556, 1.580000000000000071, 0.02000000000000005246 ) ) ;
#1904 = DIRECTION ( 'NONE',  ( -0.000000000000000000, -0.000000000000000000, 1.000000000000000000 ) ) ;
#1905 = AXIS2_PLACEMENT_3D ( 'NONE', #1057, #1077, #607 ) ;
#1906 = VECTOR ( 'NONE', #925, 1000.000000000000000 ) ;
#1907 = VECTOR ( 'NONE', #747, 1000.000000000000000 ) ;
#1908 = ORIENTED_EDGE ( 'NONE', *, *, #269, .T. ) ;
#1909 = CARTESIAN_POINT ( 'NONE',  ( -0.9499999999999999556, 10.66000000000000014, 0.3200000000000000067 ) ) ;
#1910 = EDGE_CURVE ( 'NONE', #396, #468, #1741, .T. ) ;
#1911 = VERTEX_POINT ( 'NONE', #679 ) ;
#1912 = PRODUCT_CONTEXT ( 'NONE', #1758, 'mechanical' ) ;
#1913 = EDGE_LOOP ( 'NONE', ( #1634, #447, #1371, #600 ) ) ;
#1914 = DIRECTION ( 'NONE',  ( -0.000000000000000000, 0.3713906763540870126, 0.9284766908852659650 ) ) ;
#1915 = DIRECTION ( 'NONE',  ( -1.000000000000000000, -0.000000000000000000, 0.000000000000000000 ) ) ;
#1916 = ORIENTED_EDGE ( 'NONE', *, *, #599, .F. ) ;
#1917 = CARTESIAN_POINT ( 'NONE',  ( 1.589999999999999858, 0.6399999999999999023, -0.3199999999999977307 ) ) ;
#1918 = ORIENTED_EDGE ( 'NONE', *, *, #930, .F. ) ;
#1919 = VERTEX_POINT ( 'NONE', #253 ) ;
#1920 = EDGE_CURVE ( 'NONE', #551, #1174, #1283, .T. ) ;
#1921 = DIRECTION ( 'NONE',  ( -0.000000000000000000, 0.000000000000000000, -1.000000000000000000 ) ) ;
#1922 = DIRECTION ( 'NONE',  ( -0.000000000000000000, 1.000000000000000000, -0.000000000000000000 ) ) ;
#1923 = FACE_OUTER_BOUND ( 'NONE', #1935, .T. ) ;
#1924 = ORIENTED_EDGE ( 'NONE', *, *, #1705, .T. ) ;
#1925 = DIRECTION ( 'NONE',  ( -0.000000000000000000, -0.000000000000000000, 1.000000000000000000 ) ) ;
#1926 = VECTOR ( 'NONE', #1216, 1000.000000000000000 ) ;
#1927 = ORIENTED_EDGE ( 'NONE', *, *, #1885, .F. ) ;
#1928 = VECTOR ( 'NONE', #842, 1000.000000000000114 ) ;
#1929 = EDGE_LOOP ( 'NONE', ( #712, #1049, #234, #1028 ) ) ;
#1930 = EDGE_CURVE ( 'NONE', #1527, #953, #1583, .T. ) ;
#1931 = CARTESIAN_POINT ( 'NONE',  ( 0.9500000000000023981, -3.059999999999999165, 0.3199999999999994515 ) ) ;
#1932 = DIRECTION ( 'NONE',  ( 0.000000000000000000, 0.000000000000000000, 1.000000000000000000 ) ) ;
#1933 = EDGE_CURVE ( 'NONE', #1410, #1527, #100, .T. ) ;
#1934 = DIRECTION ( 'NONE',  ( 0.000000000000000000, 0.000000000000000000, -1.000000000000000000 ) ) ;
#1935 = EDGE_LOOP ( 'NONE', ( #1357, #1804, #1155, #885, #1370, #783, #408, #66, #1289, #1493, #165, #401 ) ) ;
#1936 = VECTOR ( 'NONE', #1122, 1000.000000000000000 ) ;
#1937 = LINE ( 'NONE', #580, #908 ) ;
#1938 = VERTEX_POINT ( 'NONE', #1302 ) ;
#1939 = AXIS2_PLACEMENT_3D ( 'NONE', #470, #1083, #883 ) ;
#1940 = APPLICATION_PROTOCOL_DEFINITION ( 'draft international standard', 'automotive_design', 1998, #665 ) ;
#1941 = VERTEX_POINT ( 'NONE', #509 ) ;
#1942 = LINE ( 'NONE', #1795, #1906 ) ;
#1943 = ADVANCED_FACE ( 'NONE', ( #1890 ), #1573, .T. ) ;
#1944 = FACE_BOUND ( 'NONE', #1257, .T. ) ;
#1945 = DIRECTION ( 'NONE',  ( -0.000000000000000000, -1.000000000000000000, -0.000000000000000000 ) ) ;
#1946 = EDGE_CURVE ( 'NONE', #722, #396, #974, .T. ) ;
#1947 = ORIENTED_EDGE ( 'NONE', *, *, #1150, .T. ) ;
#1948 = CARTESIAN_POINT ( 'NONE',  ( -1.590000000000000080, 0.6399999999999999023, -0.3199999999999999512 ) ) ;
#1949 = VERTEX_POINT ( 'NONE', #520 ) ;
#1950 = ORIENTED_EDGE ( 'NONE', *, *, #1513, .F. ) ;
#1951 = DIRECTION ( 'NONE',  ( -0.9284766908852659650, 0.3713906763540870126, 0.000000000000000000 ) ) ;
#1952 = LINE ( 'NONE', #765, #845 ) ;
#1953 = DIRECTION ( 'NONE',  ( 1.000000000000000000, 0.000000000000000000, -0.000000000000000000 ) ) ;
ENDSEC;
END-ISO-10303-21;
